list_name,NAME_0,NAME_1,NAME_2,NAME_3,label,name
NAME_0,UGA,,,,Uganda,Uganda
NAME_0,COD,,,,Democratic Republic of the Congo,Democratic Republic of the Congo
NAME_1,UGA,Adjumani,,,Adjumani,Adjumani
NAME_1,UGA,Apac,,,Apac,Apac
NAME_1,UGA,Arua,,,Arua,Arua
NAME_1,UGA,Bugiri,,,Bugiri,Bugiri
NAME_1,UGA,Bundibugyo,,,Bundibugyo,Bundibugyo
NAME_1,UGA,Bushenyi,,,Bushenyi,Bushenyi
NAME_1,UGA,Busia,,,Busia,Busia
NAME_1,UGA,Gulu,,,Gulu,Gulu
NAME_1,UGA,Hoima,,,Hoima,Hoima
NAME_1,UGA,Iganga,,,Iganga,Iganga
NAME_1,UGA,Jinja,,,Jinja,Jinja
NAME_1,UGA,Kabale,,,Kabale,Kabale
NAME_1,UGA,Kabarole,,,Kabarole,Kabarole
NAME_1,UGA,Kaberamaido,,,Kaberamaido,Kaberamaido
NAME_1,UGA,Kalangala,,,Kalangala,Kalangala
NAME_1,UGA,Kampala,,,Kampala,Kampala
NAME_1,UGA,Kamuli,,,Kamuli,Kamuli
NAME_1,UGA,Kamwenge,,,Kamwenge,Kamwenge
NAME_1,UGA,Kanungu,,,Kanungu,Kanungu
NAME_1,UGA,Kapchorwa,,,Kapchorwa,Kapchorwa
NAME_1,UGA,Kasese,,,Kasese,Kasese
NAME_1,UGA,Katakwi,,,Katakwi,Katakwi
NAME_1,UGA,Kayunga,,,Kayunga,Kayunga
NAME_1,UGA,Kibale,,,Kibale,Kibale
NAME_1,UGA,Kiboga,,,Kiboga,Kiboga
NAME_1,UGA,Kisoro,,,Kisoro,Kisoro
NAME_1,UGA,Kitgum,,,Kitgum,Kitgum
NAME_1,UGA,Kotido,,,Kotido,Kotido
NAME_1,UGA,Kumi,,,Kumi,Kumi
NAME_1,UGA,Kyenjojo,,,Kyenjojo,Kyenjojo
NAME_1,UGA,Lake_Albert,,,Lake_Albert,Lake_Albert
NAME_1,UGA,Lake_Victoria,,,Lake_Victoria,Lake_Victoria
NAME_1,UGA,Lira,,,Lira,Lira
NAME_1,UGA,Luwero,,,Luwero,Luwero
NAME_1,UGA,Masaka,,,Masaka,Masaka
NAME_1,UGA,Masindi,,,Masindi,Masindi
NAME_1,UGA,Mayuge,,,Mayuge,Mayuge
NAME_1,UGA,Mbale,,,Mbale,Mbale
NAME_1,UGA,Mbarara,,,Mbarara,Mbarara
NAME_1,UGA,Moroto,,,Moroto,Moroto
NAME_1,UGA,Moyo,,,Moyo,Moyo
NAME_1,UGA,Mpigi,,,Mpigi,Mpigi
NAME_1,UGA,Mubende,,,Mubende,Mubende
NAME_1,UGA,Mukono,,,Mukono,Mukono
NAME_1,UGA,Nakapiripirit,,,Nakapiripirit,Nakapiripirit
NAME_1,UGA,Nakasongola,,,Nakasongola,Nakasongola
NAME_1,UGA,Nebbi,,,Nebbi,Nebbi
NAME_1,UGA,Ntungamo,,,Ntungamo,Ntungamo
NAME_1,UGA,Pader,,,Pader,Pader
NAME_1,UGA,Pallisa,,,Pallisa,Pallisa
NAME_1,UGA,Rakai,,,Rakai,Rakai
NAME_1,UGA,Rukungiri,,,Rukungiri,Rukungiri
NAME_1,UGA,Sembabule,,,Sembabule,Sembabule
NAME_1,UGA,Sironko,,,Sironko,Sironko
NAME_1,UGA,Soroti,,,Soroti,Soroti
NAME_1,UGA,Tororo,,,Tororo,Tororo
NAME_1,UGA,Wakiso,,,Wakiso,Wakiso
NAME_1,UGA,Yumbe,,,Yumbe,Yumbe
NAME_1,COD,Equateur,,,Équateur,Equateur
NAME_1,COD,Bandundu,,,Bandundu,Bandundu
NAME_1,COD,Bas-Congo,,,Bas-Congo,Bas-Congo
NAME_1,COD,Kasai-Occidental,,,Kasaï-Occidental,Kasai-Occidental
NAME_1,COD,Kasai-Oriental,,,Kasaï-Oriental,Kasai-Oriental
NAME_1,COD,Katanga,,,Katanga,Katanga
NAME_1,COD,Kinshasa_City,,,Kinshasa_City,Kinshasa_City
NAME_1,COD,Kivu,,,Kivu,Kivu
NAME_1,COD,Orientale,,,Orientale,Orientale
NAME_1,UGA,Other,,,Other,Other
NAME_1,COD,Other,,,Other,Other
NAME_2,UGA,Adjumani,East_Moyo,,East_Moyo,East_Moyo
NAME_2,UGA,Apac,Kole,,Kole,Kole
NAME_2,UGA,Apac,Kwania,,Kwania,Kwania
NAME_2,UGA,Apac,Maruzi,,Maruzi,Maruzi
NAME_2,UGA,Apac,Oyam,,Oyam,Oyam
NAME_2,UGA,Arua,Arua_Municipality,,Arua_Municipality,Arua_Municipality
NAME_2,UGA,Arua,Ayivu,,Ayivu,Ayivu
NAME_2,UGA,Arua,Koboko,,Koboko,Koboko
NAME_2,UGA,Arua,Madi-Okollo,,Madi-Okollo,Madi-Okollo
NAME_2,UGA,Arua,Maracha,,Maracha,Maracha
NAME_2,UGA,Arua,Terego,,Terego,Terego
NAME_2,UGA,Arua,Vurra,,Vurra,Vurra
NAME_2,UGA,Bugiri,Bukooli,,Bukooli,Bukooli
NAME_2,UGA,Bundibugyo,Bwamba,,Bwamba,Bwamba
NAME_2,UGA,Bundibugyo,Ntoroko,,Ntoroko,Ntoroko
NAME_2,UGA,Bushenyi,Buhweju,,Buhweju,Buhweju
NAME_2,UGA,Bushenyi,Bunyaruguru,,Bunyaruguru,Bunyaruguru
NAME_2,UGA,Bushenyi,Igara,,Igara,Igara
NAME_2,UGA,Bushenyi,Ruhinda,,Ruhinda,Ruhinda
NAME_2,UGA,Bushenyi,Sheema,,Sheema,Sheema
NAME_2,UGA,Busia,Samia-Bugwe,,Samia-Bugwe,Samia-Bugwe
NAME_2,UGA,Gulu,Aswa,,Aswa,Aswa
NAME_2,UGA,Gulu,Gulu,,Gulu,Gulu
NAME_2,UGA,Gulu,Kilak,,Kilak,Kilak
NAME_2,UGA,Gulu,Nwoya,,Nwoya,Nwoya
NAME_2,UGA,Gulu,Omoro,,Omoro,Omoro
NAME_2,UGA,Hoima,Bugahya,,Bugahya,Bugahya
NAME_2,UGA,Hoima,Buhaguzi,,Buhaguzi,Buhaguzi
NAME_2,UGA,Iganga,Bugweri,,Bugweri,Bugweri
NAME_2,UGA,Iganga,Busiki,,Busiki,Busiki
NAME_2,UGA,Iganga,Kigulu,,Kigulu,Kigulu
NAME_2,UGA,Iganga,Luuka,,Luuka,Luuka
NAME_2,UGA,Jinja,Butembe,,Butembe,Butembe
NAME_2,UGA,Jinja,Jinja,,Jinja,Jinja
NAME_2,UGA,Jinja,Kagoma,,Kagoma,Kagoma
NAME_2,UGA,Kabale,Kabale,,Kabale,Kabale
NAME_2,UGA,Kabale,Ndorwa,,Ndorwa,Ndorwa
NAME_2,UGA,Kabale,Rubanda,,Rubanda,Rubanda
NAME_2,UGA,Kabale,Rukiga,,Rukiga,Rukiga
NAME_2,UGA,Kabarole,Bunyangabu,,Bunyangabu,Bunyangabu
NAME_2,UGA,Kabarole,Burahya,,Burahya,Burahya
NAME_2,UGA,Kabarole,Fort_Portal,,Fort_Portal,Fort_Portal
NAME_2,UGA,Kaberamaido,Kaberamaido,,Kaberamaido,Kaberamaido
NAME_2,UGA,Kaberamaido,Kalaki,,Kalaki,Kalaki
NAME_2,UGA,Kalangala,Bujumba,,Bujumba,Bujumba
NAME_2,UGA,Kalangala,Kyamuswa,,Kyamuswa,Kyamuswa
NAME_2,UGA,Kampala,Kampala,,Kampala,Kampala
NAME_2,UGA,Kamuli,Budiope,,Budiope,Budiope
NAME_2,UGA,Kamuli,Bugabula,,Bugabula,Bugabula
NAME_2,UGA,Kamuli,Bulamogi,,Bulamogi,Bulamogi
NAME_2,UGA,Kamuli,Buzaaya,,Buzaaya,Buzaaya
NAME_2,UGA,Kamwenge,Kibale,,Kibale,Kibale
NAME_2,UGA,Kamwenge,Kitagwenda,,Kitagwenda,Kitagwenda
NAME_2,UGA,Kanungu,Kinkiizi,,Kinkiizi,Kinkiizi
NAME_2,UGA,Kapchorwa,Kongasis,,Kongasis,Kongasis
NAME_2,UGA,Kapchorwa,Kween,,Kween,Kween
NAME_2,UGA,Kapchorwa,Tingey,,Tingey,Tingey
NAME_2,UGA,Kasese,Bukonjo,,Bukonjo,Bukonjo
NAME_2,UGA,Kasese,Busongora,,Busongora,Busongora
NAME_2,UGA,Katakwi,Amuria,,Amuria,Amuria
NAME_2,UGA,Katakwi,Kapelebyong,,Kapelebyong,Kapelebyong
NAME_2,UGA,Katakwi,Usuk,,Usuk,Usuk
NAME_2,UGA,Kayunga,Bbaale,,Bbaale,Bbaale
NAME_2,UGA,Kayunga,Ntenjeru,,Ntenjeru,Ntenjeru
NAME_2,UGA,Kibale,Bugangaizi,,Bugangaizi,Bugangaizi
NAME_2,UGA,Kibale,Buyaga,,Buyaga,Buyaga
NAME_2,UGA,Kiboga,Kiboga,,Kiboga,Kiboga
NAME_2,UGA,Kisoro,Kisoro,,Kisoro,Kisoro
NAME_2,UGA,Kitgum,Chua,,Chua,Chua
NAME_2,UGA,Kitgum,Lamwo,,Lamwo,Lamwo
NAME_2,UGA,Kotido,Dodoth,,Dodoth,Dodoth
NAME_2,UGA,Kotido,Jie,,Jie,Jie
NAME_2,UGA,Kotido,Labwor,,Labwor,Labwor
NAME_2,UGA,Kumi,Bukedea,,Bukedea,Bukedea
NAME_2,UGA,Kumi,Kumi,,Kumi,Kumi
NAME_2,UGA,Kumi,Ngora,,Ngora,Ngora
NAME_2,UGA,Kyenjojo,Kyaka,,Kyaka,Kyaka
NAME_2,UGA,Kyenjojo,Mwenge,,Mwenge,Mwenge
NAME_2,UGA,Lake_Albert,Lake_Albert,,Lake_Albert,Lake_Albert
NAME_2,UGA,Lake_Victoria,Lake_Victoria,,Lake_Victoria,Lake_Victoria
NAME_2,UGA,Lira,Dokolo,,Dokolo,Dokolo
NAME_2,UGA,Lira,Erute,,Erute,Erute
NAME_2,UGA,Lira,Kyoga,,Kyoga,Kyoga
NAME_2,UGA,Lira,Lira,,Lira,Lira
NAME_2,UGA,Lira,Moroto,,Moroto,Moroto
NAME_2,UGA,Lira,Otuke,,Otuke,Otuke
NAME_2,UGA,Luwero,Bamunanika,,Bamunanika,Bamunanika
NAME_2,UGA,Luwero,Katikamu,,Katikamu,Katikamu
NAME_2,UGA,Luwero,Nakaseke,,Nakaseke,Nakaseke
NAME_2,UGA,Masaka,Bukomansimbi,,Bukomansimbi,Bukomansimbi
NAME_2,UGA,Masaka,Bukoto,,Bukoto,Bukoto
NAME_2,UGA,Masaka,Kalungu,,Kalungu,Kalungu
NAME_2,UGA,Masaka,Masaka,,Masaka,Masaka
NAME_2,UGA,Masindi,Bujenje,,Bujenje,Bujenje
NAME_2,UGA,Masindi,Buruli,,Buruli,Buruli
NAME_2,UGA,Masindi,Kibanda,,Kibanda,Kibanda
NAME_2,UGA,Mayuge,Bunya,,Bunya,Bunya
NAME_2,UGA,Mbale,Bubulo,,Bubulo,Bubulo
NAME_2,UGA,Mbale,Bungokho,,Bungokho,Bungokho
NAME_2,UGA,Mbale,Manjiya,,Manjiya,Manjiya
NAME_2,UGA,Mbale,Mbale,,Mbale,Mbale
NAME_2,UGA,Mbarara,Bukanga,,Bukanga,Bukanga
NAME_2,UGA,Mbarara,Ibanda,,Ibanda,Ibanda
NAME_2,UGA,Mbarara,Isingiro,,Isingiro,Isingiro
NAME_2,UGA,Mbarara,Kashari,,Kashari,Kashari
NAME_2,UGA,Mbarara,Kazo,,Kazo,Kazo
NAME_2,UGA,Mbarara,Mbarara,,Mbarara,Mbarara
NAME_2,UGA,Mbarara,Nyabushozi,,Nyabushozi,Nyabushozi
NAME_2,UGA,Mbarara,Rwampara,,Rwampara,Rwampara
NAME_2,UGA,Moroto,Bokora,,Bokora,Bokora
NAME_2,UGA,Moroto,Matheniko,,Matheniko,Matheniko
NAME_2,UGA,Moroto,Moroto,,Moroto,Moroto
NAME_2,UGA,Moyo,Obongi,,Obongi,Obongi
NAME_2,UGA,Moyo,West_Moyo,,West_Moyo,West_Moyo
NAME_2,UGA,Mpigi,Butambala,,Butambala,Butambala
NAME_2,UGA,Mpigi,Gomba,,Gomba,Gomba
NAME_2,UGA,Mpigi,Mawokota,,Mawokota,Mawokota
NAME_2,UGA,Mubende,Busujju,,Busujju,Busujju
NAME_2,UGA,Mubende,Buwekula,,Buwekula,Buwekula
NAME_2,UGA,Mubende,Kassanda,,Kassanda,Kassanda
NAME_2,UGA,Mubende,Mityana,,Mityana,Mityana
NAME_2,UGA,Mukono,Buikwe,,Buikwe,Buikwe
NAME_2,UGA,Mukono,Buvuma_Islands,,Buvuma_Islands,Buvuma_Islands
NAME_2,UGA,Mukono,Mukono,,Mukono,Mukono
NAME_2,UGA,Mukono,Nakifuma,,Nakifuma,Nakifuma
NAME_2,UGA,Nakapiripirit,Chekwii,,Chekwii,Chekwii
NAME_2,UGA,Nakapiripirit,Pian,,Pian,Pian
NAME_2,UGA,Nakapiripirit,Pokot,,Pokot,Pokot
NAME_2,UGA,Nakasongola,Buruli,,Buruli,Buruli
NAME_2,UGA,Nebbi,Jonam,,Jonam,Jonam
NAME_2,UGA,Nebbi,Okoro,,Okoro,Okoro
NAME_2,UGA,Nebbi,Padyere,,Padyere,Padyere
NAME_2,UGA,Ntungamo,Kajara,,Kajara,Kajara
NAME_2,UGA,Ntungamo,Ruhaama,,Ruhaama,Ruhaama
NAME_2,UGA,Ntungamo,Rushenyi,,Rushenyi,Rushenyi
NAME_2,UGA,Pader,Agago,,Agago,Agago
NAME_2,UGA,Pader,Aruu,,Aruu,Aruu
NAME_2,UGA,Pallisa,Budaka,,Budaka,Budaka
NAME_2,UGA,Pallisa,Butebo,,Butebo,Butebo
NAME_2,UGA,Pallisa,Kibuku,,Kibuku,Kibuku
NAME_2,UGA,Pallisa,Pallisa,,Pallisa,Pallisa
NAME_2,UGA,Rakai,Kabula,,Kabula,Kabula
NAME_2,UGA,Rakai,Kakuuto,,Kakuuto,Kakuuto
NAME_2,UGA,Rakai,Kooki,,Kooki,Kooki
NAME_2,UGA,Rakai,Kyotera,,Kyotera,Kyotera
NAME_2,UGA,Rukungiri,Bufumbira,,Bufumbira,Bufumbira
NAME_2,UGA,Rukungiri,Rubabo,,Rubabo,Rubabo
NAME_2,UGA,Sembabule,Lwemiyaga,,Lwemiyaga,Lwemiyaga
NAME_2,UGA,Sembabule,Mawogola,,Mawogola,Mawogola
NAME_2,UGA,Sironko,Budadiri,,Budadiri,Budadiri
NAME_2,UGA,Sironko,Bulambuli,,Bulambuli,Bulambuli
NAME_2,UGA,Sironko,Mt._Elgon_Np,,Mt._Elgon_Np,Mt._Elgon_Np
NAME_2,UGA,Soroti,Kasilo,,Kasilo,Kasilo
NAME_2,UGA,Soroti,Serere,,Serere,Serere
NAME_2,UGA,Soroti,Soroti,,Soroti,Soroti
NAME_2,UGA,Tororo,Bunyole,,Bunyole,Bunyole
NAME_2,UGA,Tororo,Kisoko_(West_Budama),,Kisoko_(West_Budama),Kisoko_(West_Budama)
NAME_2,UGA,Tororo,Tororo,,Tororo,Tororo
NAME_2,UGA,Wakiso,Busiiro,,Busiiro,Busiiro
NAME_2,UGA,Wakiso,Entebbe,,Entebbe,Entebbe
NAME_2,UGA,Wakiso,Jinja,,Jinja,Jinja
NAME_2,UGA,Yumbe,Aringa,,Aringa,Aringa
NAME_2,COD,Equateur,Equateur,,Équateur,Equateur
NAME_2,COD,Equateur,Mbandaka,,Mbandaka,Mbandaka
NAME_2,COD,Equateur,Mongala,,Mongala,Mongala
NAME_2,COD,Equateur,Nord-Ubangi,,Nord-Ubangi,Nord-Ubangi
NAME_2,COD,Equateur,Sud-Ubangi,,Sud-Ubangi,Sud-Ubangi
NAME_2,COD,Equateur,Tshuapa,,Tshuapa,Tshuapa
NAME_2,COD,Bandundu,Bandundu,,Bandundu,Bandundu
NAME_2,COD,Bandundu,Kwango,,Kwango,Kwango
NAME_2,COD,Bandundu,Kwilu,,Kwilu,Kwilu
NAME_2,COD,Bandundu,Mai-Ndombe,,Mai-Ndombe,Mai-Ndombe
NAME_2,COD,Bas-Congo,Bas-Fleuve,,Bas-Fleuve,Bas-Fleuve
NAME_2,COD,Bas-Congo,Boma,,Boma,Boma
NAME_2,COD,Bas-Congo,Cataractes,,Cataractes,Cataractes
NAME_2,COD,Bas-Congo,Lukaya,,Lukaya,Lukaya
NAME_2,COD,Bas-Congo,Matadi,,Matadi,Matadi
NAME_2,COD,Kasai-Occidental,Kananga,,Kananga,Kananga
NAME_2,COD,Kasai-Occidental,Kasai,,Kasaï,Kasai
NAME_2,COD,Kasai-Occidental,Lulua,,Lulua,Lulua
NAME_2,COD,Kasai-Oriental,Kabinda,,Kabinda,Kabinda
NAME_2,COD,Kasai-Oriental,Mbuji-Mayi,,Mbuji-Mayi,Mbuji-Mayi
NAME_2,COD,Kasai-Oriental,Sankuru,,Sankuru,Sankuru
NAME_2,COD,Kasai-Oriental,Tshilenge,,Tshilenge,Tshilenge
NAME_2,COD,Katanga,Haut-Lomami,,Haut-Lomami,Haut-Lomami
NAME_2,COD,Katanga,Haut-Shaba,,Haut-Shaba,Haut-Shaba
NAME_2,COD,Katanga,Kolwezi,,Kolwezi,Kolwezi
NAME_2,COD,Katanga,Lualaba,,Lualaba,Lualaba
NAME_2,COD,Katanga,Lubumbashi,,Lubumbashi,Lubumbashi
NAME_2,COD,Katanga,Tanganika,,Tanganika,Tanganika
NAME_2,COD,Kinshasa_City,Kinshasa,,Kinshasa,Kinshasa
NAME_2,COD,Kivu,Bukavu,,Bukavu,Bukavu
NAME_2,COD,Kivu,Maniema,,Maniema,Maniema
NAME_2,COD,Kivu,Nord-Kivu,,Nord-Kivu,Nord-Kivu
NAME_2,COD,Kivu,Sud-Kivu,,Sud-Kivu,Sud-Kivu
NAME_2,COD,Orientale,Bas-Uele,,Bas-Uele,Bas-Uele
NAME_2,COD,Orientale,Haut-Uele,,Haut-Uele,Haut-Uele
NAME_2,COD,Orientale,Ituri,,Ituri,Ituri
NAME_2,COD,Orientale,Kisangani,,Kisangani,Kisangani
NAME_2,COD,Orientale,Tshopo,,Tshopo,Tshopo
NAME_2,UGA,Adjumani,Other,,Other,Other
NAME_2,UGA,Apac,Other,,Other,Other
NAME_2,UGA,Arua,Other,,Other,Other
NAME_2,UGA,Bugiri,Other,,Other,Other
NAME_2,UGA,Bundibugyo,Other,,Other,Other
NAME_2,UGA,Bushenyi,Other,,Other,Other
NAME_2,UGA,Busia,Other,,Other,Other
NAME_2,UGA,Gulu,Other,,Other,Other
NAME_2,UGA,Hoima,Other,,Other,Other
NAME_2,UGA,Iganga,Other,,Other,Other
NAME_2,UGA,Jinja,Other,,Other,Other
NAME_2,UGA,Kabale,Other,,Other,Other
NAME_2,UGA,Kabarole,Other,,Other,Other
NAME_2,UGA,Kaberamaido,Other,,Other,Other
NAME_2,UGA,Kalangala,Other,,Other,Other
NAME_2,UGA,Kampala,Other,,Other,Other
NAME_2,UGA,Kamuli,Other,,Other,Other
NAME_2,UGA,Kamwenge,Other,,Other,Other
NAME_2,UGA,Kanungu,Other,,Other,Other
NAME_2,UGA,Kapchorwa,Other,,Other,Other
NAME_2,UGA,Kasese,Other,,Other,Other
NAME_2,UGA,Katakwi,Other,,Other,Other
NAME_2,UGA,Kayunga,Other,,Other,Other
NAME_2,UGA,Kibale,Other,,Other,Other
NAME_2,UGA,Kiboga,Other,,Other,Other
NAME_2,UGA,Kisoro,Other,,Other,Other
NAME_2,UGA,Kitgum,Other,,Other,Other
NAME_2,UGA,Kotido,Other,,Other,Other
NAME_2,UGA,Kumi,Other,,Other,Other
NAME_2,UGA,Kyenjojo,Other,,Other,Other
NAME_2,UGA,Lake_Albert,Other,,Other,Other
NAME_2,UGA,Lake_Victoria,Other,,Other,Other
NAME_2,UGA,Lira,Other,,Other,Other
NAME_2,UGA,Luwero,Other,,Other,Other
NAME_2,UGA,Masaka,Other,,Other,Other
NAME_2,UGA,Masindi,Other,,Other,Other
NAME_2,UGA,Mayuge,Other,,Other,Other
NAME_2,UGA,Mbale,Other,,Other,Other
NAME_2,UGA,Mbarara,Other,,Other,Other
NAME_2,UGA,Moroto,Other,,Other,Other
NAME_2,UGA,Moyo,Other,,Other,Other
NAME_2,UGA,Mpigi,Other,,Other,Other
NAME_2,UGA,Mubende,Other,,Other,Other
NAME_2,UGA,Mukono,Other,,Other,Other
NAME_2,UGA,Nakapiripirit,Other,,Other,Other
NAME_2,UGA,Nakasongola,Other,,Other,Other
NAME_2,UGA,Nebbi,Other,,Other,Other
NAME_2,UGA,Ntungamo,Other,,Other,Other
NAME_2,UGA,Pader,Other,,Other,Other
NAME_2,UGA,Pallisa,Other,,Other,Other
NAME_2,UGA,Rakai,Other,,Other,Other
NAME_2,UGA,Rukungiri,Other,,Other,Other
NAME_2,UGA,Sembabule,Other,,Other,Other
NAME_2,UGA,Sironko,Other,,Other,Other
NAME_2,UGA,Soroti,Other,,Other,Other
NAME_2,UGA,Tororo,Other,,Other,Other
NAME_2,UGA,Wakiso,Other,,Other,Other
NAME_2,UGA,Yumbe,Other,,Other,Other
NAME_2,COD,Equateur,Other,,Other,Other
NAME_2,COD,Bandundu,Other,,Other,Other
NAME_2,COD,Bas-Congo,Other,,Other,Other
NAME_2,COD,Kasai-Occidental,Other,,Other,Other
NAME_2,COD,Kasai-Oriental,Other,,Other,Other
NAME_2,COD,Katanga,Other,,Other,Other
NAME_2,COD,Kinshasa_City,Other,,Other,Other
NAME_2,COD,Kivu,Other,,Other,Other
NAME_2,COD,Orientale,Other,,Other,Other
NAME_3,UGA,Adjumani,East_Moyo,Adjumani_Tc,Adjumani_Tc,Adjumani_Tc
NAME_3,UGA,Adjumani,East_Moyo,Adropi,Adropi,Adropi
NAME_3,UGA,Adjumani,East_Moyo,Ciforo,Ciforo,Ciforo
NAME_3,UGA,Adjumani,East_Moyo,Dzaipi,Dzaipi,Dzaipi
NAME_3,UGA,Adjumani,East_Moyo,Ofua,Ofua,Ofua
NAME_3,UGA,Adjumani,East_Moyo,Pakelle,Pakelle,Pakelle
NAME_3,UGA,Apac,Kole,Aboke,Aboke,Aboke
NAME_3,UGA,Apac,Kole,Akalo,Akalo,Akalo
NAME_3,UGA,Apac,Kole,Alito,Alito,Alito
NAME_3,UGA,Apac,Kole,Ayer,Ayer,Ayer
NAME_3,UGA,Apac,Kole,Balla,Balla,Balla
NAME_3,UGA,Apac,Kwania,Abongomola,Abongomola,Abongomola
NAME_3,UGA,Apac,Kwania,Aduku,Aduku,Aduku
NAME_3,UGA,Apac,Kwania,Cawente,Cawente,Cawente
NAME_3,UGA,Apac,Kwania,Inomo,Inomo,Inomo
NAME_3,UGA,Apac,Kwania,Nambieso,Nambieso,Nambieso
NAME_3,UGA,Apac,Maruzi,Akokoro,Akokoro,Akokoro
NAME_3,UGA,Apac,Maruzi,Apac_Tc,Apac_Tc,Apac_Tc
NAME_3,UGA,Apac,Maruzi,Apac,Apac,Apac
NAME_3,UGA,Apac,Maruzi,Cegere,Cegere,Cegere
NAME_3,UGA,Apac,Maruzi,Ibuje,Ibuje,Ibuje
NAME_3,UGA,Apac,Oyam,Aber,Aber,Aber
NAME_3,UGA,Apac,Oyam,Achaba,Achaba,Achaba
NAME_3,UGA,Apac,Oyam,Icheme,Icheme,Icheme
NAME_3,UGA,Apac,Oyam,Loro,Loro,Loro
NAME_3,UGA,Apac,Oyam,Minakulu,Minakulu,Minakulu
NAME_3,UGA,Apac,Oyam,Ngai,Ngai,Ngai
NAME_3,UGA,Apac,Oyam,Otwal,Otwal,Otwal
NAME_3,UGA,Arua,Arua_Municipality,Arua_Hill,Arua_Hill,Arua_Hill
NAME_3,UGA,Arua,Arua_Municipality,Oli_River,Oli_River,Oli_River
NAME_3,UGA,Arua,Ayivu,Adumi,Adumi,Adumi
NAME_3,UGA,Arua,Ayivu,Aroi,Aroi,Aroi
NAME_3,UGA,Arua,Ayivu,Dadamu,Dadamu,Dadamu
NAME_3,UGA,Arua,Ayivu,Manibe,Manibe,Manibe
NAME_3,UGA,Arua,Ayivu,Oluko,Oluko,Oluko
NAME_3,UGA,Arua,Ayivu,Pajulu,Pajulu,Pajulu
NAME_3,UGA,Arua,Koboko,Koboko_Tc,Koboko_Tc,Koboko_Tc
NAME_3,UGA,Arua,Koboko,Kuluba,Kuluba,Kuluba
NAME_3,UGA,Arua,Koboko,Lobule,Lobule,Lobule
NAME_3,UGA,Arua,Koboko,Ludara,Ludara,Ludara
NAME_3,UGA,Arua,Koboko,Midia,Midia,Midia
NAME_3,UGA,Arua,Madi-Okollo,Offaka,Offaka,Offaka
NAME_3,UGA,Arua,Madi-Okollo,Ogoko,Ogoko,Ogoko
NAME_3,UGA,Arua,Madi-Okollo,Okollo,Okollo,Okollo
NAME_3,UGA,Arua,Madi-Okollo,Rhino_Camp,Rhino_Camp,Rhino_Camp
NAME_3,UGA,Arua,Madi-Okollo,Rigbo,Rigbo,Rigbo
NAME_3,UGA,Arua,Madi-Okollo,Uleppi,Uleppi,Uleppi
NAME_3,UGA,Arua,Maracha,Kijomoro,Kijomoro,Kijomoro
NAME_3,UGA,Arua,Maracha,Nyadri,Nyadri,Nyadri
NAME_3,UGA,Arua,Maracha,Oleba,Oleba,Oleba
NAME_3,UGA,Arua,Maracha,Oluffe,Oluffe,Oluffe
NAME_3,UGA,Arua,Maracha,Oluvu,Oluvu,Oluvu
NAME_3,UGA,Arua,Maracha,Tara,Tara,Tara
NAME_3,UGA,Arua,Maracha,Yivu,Yivu,Yivu
NAME_3,UGA,Arua,Terego,Ali-vu,Ali-vu,Ali-vu
NAME_3,UGA,Arua,Terego,Beleafe,Beleafe,Beleafe
NAME_3,UGA,Arua,Terego,Katrini,Katrini,Katrini
NAME_3,UGA,Arua,Terego,Odupi,Odupi,Odupi
NAME_3,UGA,Arua,Terego,Omugo,Omugo,Omugo
NAME_3,UGA,Arua,Terego,Uriama,Uriama,Uriama
NAME_3,UGA,Arua,Vurra,Ajia,Ajia,Ajia
NAME_3,UGA,Arua,Vurra,Arivu,Arivu,Arivu
NAME_3,UGA,Arua,Vurra,Logiri,Logiri,Logiri
NAME_3,UGA,Arua,Vurra,Vurra,Vurra,Vurra
NAME_3,UGA,Bugiri,Bukooli,Banda,Banda,Banda
NAME_3,UGA,Bugiri,Bukooli,Budhaya,Budhaya,Budhaya
NAME_3,UGA,Bugiri,Bukooli,Bugiri_Tc,Bugiri_Tc,Bugiri_Tc
NAME_3,UGA,Bugiri,Bukooli,Bulidha,Bulidha,Bulidha
NAME_3,UGA,Bugiri,Bukooli,Buliisa,Buliisa,Buliisa
NAME_3,UGA,Bugiri,Bukooli,Buluguyi,Buluguyi,Buluguyi
NAME_3,UGA,Bugiri,Bukooli,Buswale,Buswale,Buswale
NAME_3,UGA,Bugiri,Bukooli,Buwunga,Buwunga,Buwunga
NAME_3,UGA,Bugiri,Bukooli,Buyinja,Buyinja,Buyinja
NAME_3,UGA,Bugiri,Bukooli,Iwemba,Iwemba,Iwemba
NAME_3,UGA,Bugiri,Bukooli,Kapyanga,Kapyanga,Kapyanga
NAME_3,UGA,Bugiri,Bukooli,L.Victoria,L.Victoria,L.Victoria
NAME_3,UGA,Bugiri,Bukooli,Muterere,Muterere,Muterere
NAME_3,UGA,Bugiri,Bukooli,Mutumba,Mutumba,Mutumba
NAME_3,UGA,Bugiri,Bukooli,Nabukalu,Nabukalu,Nabukalu
NAME_3,UGA,Bugiri,Bukooli,Nankoma,Nankoma,Nankoma
NAME_3,UGA,Bugiri,Bukooli,Sigulu_Islands,Sigulu_Islands,Sigulu_Islands
NAME_3,UGA,Bundibugyo,Bwamba,Bubandi,Bubandi,Bubandi
NAME_3,UGA,Bundibugyo,Bwamba,Bubukwanga,Bubukwanga,Bubukwanga
NAME_3,UGA,Bundibugyo,Bwamba,Bundibugyo_Tc,Bundibugyo_Tc,Bundibugyo_Tc
NAME_3,UGA,Bundibugyo,Bwamba,Busaru,Busaru,Busaru
NAME_3,UGA,Bundibugyo,Bwamba,Harugali,Harugali,Harugali
NAME_3,UGA,Bundibugyo,Bwamba,Kasitu,Kasitu,Kasitu
NAME_3,UGA,Bundibugyo,Bwamba,Nduguto,Nduguto,Nduguto
NAME_3,UGA,Bundibugyo,Ntoroko,Kanara,Kanara,Kanara
NAME_3,UGA,Bundibugyo,Ntoroko,Karugutu,Karugutu,Karugutu
NAME_3,UGA,Bundibugyo,Ntoroko,Rwebisengo,Rwebisengo,Rwebisengo
NAME_3,UGA,Bushenyi,Buhweju,Bihanga,Bihanga,Bihanga
NAME_3,UGA,Bushenyi,Buhweju,Burere,Burere,Burere
NAME_3,UGA,Bushenyi,Buhweju,Karungu,Karungu,Karungu
NAME_3,UGA,Bushenyi,Buhweju,Rwengwe,Rwengwe,Rwengwe
NAME_3,UGA,Bushenyi,Bunyaruguru,Burere,Burere,Burere
NAME_3,UGA,Bushenyi,Bunyaruguru,Katerera,Katerera,Katerera
NAME_3,UGA,Bushenyi,Bunyaruguru,Katunguru,Katunguru,Katunguru
NAME_3,UGA,Bushenyi,Bunyaruguru,Kichwamba,Kichwamba,Kichwamba
NAME_3,UGA,Bushenyi,Bunyaruguru,Ryeru,Ryeru,Ryeru
NAME_3,UGA,Bushenyi,Igara,Bumbaire,Bumbaire,Bumbaire
NAME_3,UGA,Bushenyi,Igara,Bushenyi-Ishaka_Tc,Bushenyi-Ishaka_Tc,Bushenyi-Ishaka_Tc
NAME_3,UGA,Bushenyi,Igara,Kakanju,Kakanju,Kakanju
NAME_3,UGA,Bushenyi,Igara,Kyabugimbi,Kyabugimbi,Kyabugimbi
NAME_3,UGA,Bushenyi,Igara,Kyamuhunga,Kyamuhunga,Kyamuhunga
NAME_3,UGA,Bushenyi,Igara,Kyeizoba,Kyeizoba,Kyeizoba
NAME_3,UGA,Bushenyi,Igara,Nyabubare,Nyabubare,Nyabubare
NAME_3,UGA,Bushenyi,Ruhinda,Bitereko,Bitereko,Bitereko
NAME_3,UGA,Bushenyi,Ruhinda,Kabira,Kabira,Kabira
NAME_3,UGA,Bushenyi,Ruhinda,Kanyabwanga,Kanyabwanga,Kanyabwanga
NAME_3,UGA,Bushenyi,Ruhinda,Kashenshero,Kashenshero,Kashenshero
NAME_3,UGA,Bushenyi,Ruhinda,Kiyanga,Kiyanga,Kiyanga
NAME_3,UGA,Bushenyi,Ruhinda,Mitooma,Mitooma,Mitooma
NAME_3,UGA,Bushenyi,Ruhinda,Mutara,Mutara,Mutara
NAME_3,UGA,Bushenyi,Sheema,Bugongi,Bugongi,Bugongi
NAME_3,UGA,Bushenyi,Sheema,Kabwohe-Itender,Kabwohe-Itender,Kabwohe-Itender
NAME_3,UGA,Bushenyi,Sheema,Kagango,Kagango,Kagango
NAME_3,UGA,Bushenyi,Sheema,Kigarama,Kigarama,Kigarama
NAME_3,UGA,Bushenyi,Sheema,Kitagata,Kitagata,Kitagata
NAME_3,UGA,Bushenyi,Sheema,Kyangyenyi,Kyangyenyi,Kyangyenyi
NAME_3,UGA,Bushenyi,Sheema,Shuuku,Shuuku,Shuuku
NAME_3,UGA,Busia,Samia-Bugwe,Buhehe,Buhehe,Buhehe
NAME_3,UGA,Busia,Samia-Bugwe,Bulumbi,Bulumbi,Bulumbi
NAME_3,UGA,Busia,Samia-Bugwe,Busia_Tc,Busia_Tc,Busia_Tc
NAME_3,UGA,Busia,Samia-Bugwe,Busitema,Busitema,Busitema
NAME_3,UGA,Busia,Samia-Bugwe,Buteba,Buteba,Buteba
NAME_3,UGA,Busia,Samia-Bugwe,Dabani,Dabani,Dabani
NAME_3,UGA,Busia,Samia-Bugwe,Lumino,Lumino,Lumino
NAME_3,UGA,Busia,Samia-Bugwe,Lunyo,Lunyo,Lunyo
NAME_3,UGA,Busia,Samia-Bugwe,Masaba,Masaba,Masaba
NAME_3,UGA,Busia,Samia-Bugwe,Masafu,Masafu,Masafu
NAME_3,UGA,Gulu,Aswa,Awach,Awach,Awach
NAME_3,UGA,Gulu,Aswa,Bungatira,Bungatira,Bungatira
NAME_3,UGA,Gulu,Aswa,Paicho,Paicho,Paicho
NAME_3,UGA,Gulu,Aswa,Palaro,Palaro,Palaro
NAME_3,UGA,Gulu,Aswa,Patiko,Patiko,Patiko
NAME_3,UGA,Gulu,Gulu,Bar-Dege,Bar-Dege,Bar-Dege
NAME_3,UGA,Gulu,Gulu,Laroo,Laroo,Laroo
NAME_3,UGA,Gulu,Gulu,Layibi,Layibi,Layibi
NAME_3,UGA,Gulu,Gulu,Pece,Pece,Pece
NAME_3,UGA,Gulu,Kilak,Amuru,Amuru,Amuru
NAME_3,UGA,Gulu,Kilak,Atiak,Atiak,Atiak
NAME_3,UGA,Gulu,Kilak,Lamogi,Lamogi,Lamogi
NAME_3,UGA,Gulu,Kilak,Pabbo,Pabbo,Pabbo
NAME_3,UGA,Gulu,Nwoya,Alero,Alero,Alero
NAME_3,UGA,Gulu,Nwoya,Anaka,Anaka,Anaka
NAME_3,UGA,Gulu,Nwoya,Koch_Goma,Koch_Goma,Koch_Goma
NAME_3,UGA,Gulu,Nwoya,Purongo,Purongo,Purongo
NAME_3,UGA,Gulu,Omoro,Bobi,Bobi,Bobi
NAME_3,UGA,Gulu,Omoro,Koro,Koro,Koro
NAME_3,UGA,Gulu,Omoro,Lakwana,Lakwana,Lakwana
NAME_3,UGA,Gulu,Omoro,Lalogi,Lalogi,Lalogi
NAME_3,UGA,Gulu,Omoro,Odek,Odek,Odek
NAME_3,UGA,Gulu,Omoro,Ongako,Ongako,Ongako
NAME_3,UGA,Hoima,Bugahya,Buhanika,Buhanika,Buhanika
NAME_3,UGA,Hoima,Bugahya,Buseruka,Buseruka,Buseruka
NAME_3,UGA,Hoima,Bugahya,Busiisi,Busiisi,Busiisi
NAME_3,UGA,Hoima,Bugahya,Hoima_Tc,Hoima_Tc,Hoima_Tc
NAME_3,UGA,Hoima,Bugahya,Kigorobya_Tc,Kigorobya_Tc,Kigorobya_Tc
NAME_3,UGA,Hoima,Bugahya,Kigorobya,Kigorobya,Kigorobya
NAME_3,UGA,Hoima,Bugahya,Kitoba,Kitoba,Kitoba
NAME_3,UGA,Hoima,Bugahya,Kyabigambire,Kyabigambire,Kyabigambire
NAME_3,UGA,Hoima,Bugahya,Kyangwali,Kyangwali,Kyangwali
NAME_3,UGA,Hoima,Buhaguzi,Bugambe,Bugambe,Bugambe
NAME_3,UGA,Hoima,Buhaguzi,Buhimba,Buhimba,Buhimba
NAME_3,UGA,Hoima,Buhaguzi,Kabwoya,Kabwoya,Kabwoya
NAME_3,UGA,Hoima,Buhaguzi,Kiziranfumbi,Kiziranfumbi,Kiziranfumbi
NAME_3,UGA,Hoima,Buhaguzi,Kyangwali,Kyangwali,Kyangwali
NAME_3,UGA,Iganga,Bugweri,Buyanga,Buyanga,Buyanga
NAME_3,UGA,Iganga,Bugweri,Ibulanku,Ibulanku,Ibulanku
NAME_3,UGA,Iganga,Bugweri,Makuutu,Makuutu,Makuutu
NAME_3,UGA,Iganga,Bugweri,Namalemba,Namalemba,Namalemba
NAME_3,UGA,Iganga,Busiki,Bulange,Bulange,Bulange
NAME_3,UGA,Iganga,Busiki,Ivukula,Ivukula,Ivukula
NAME_3,UGA,Iganga,Busiki,Kibaale,Kibaale,Kibaale
NAME_3,UGA,Iganga,Busiki,Magada,Magada,Magada
NAME_3,UGA,Iganga,Busiki,Namutumba,Namutumba,Namutumba
NAME_3,UGA,Iganga,Busiki,Nsinze,Nsinze,Nsinze
NAME_3,UGA,Iganga,Kigulu,Bulamagi,Bulamagi,Bulamagi
NAME_3,UGA,Iganga,Kigulu,Iganga_Tc,Iganga_Tc,Iganga_Tc
NAME_3,UGA,Iganga,Kigulu,Nabitende,Nabitende,Nabitende
NAME_3,UGA,Iganga,Kigulu,Nakalama,Nakalama,Nakalama
NAME_3,UGA,Iganga,Kigulu,Nakigo,Nakigo,Nakigo
NAME_3,UGA,Iganga,Kigulu,Nambale,Nambale,Nambale
NAME_3,UGA,Iganga,Kigulu,Namungalwe,Namungalwe,Namungalwe
NAME_3,UGA,Iganga,Kigulu,Nawandala,Nawandala,Nawandala
NAME_3,UGA,Iganga,Luuka,Bukanga,Bukanga,Bukanga
NAME_3,UGA,Iganga,Luuka,Bukooma,Bukooma,Bukooma
NAME_3,UGA,Iganga,Luuka,Bulongo,Bulongo,Bulongo
NAME_3,UGA,Iganga,Luuka,Ikumbya,Ikumbya,Ikumbya
NAME_3,UGA,Iganga,Luuka,Irongo,Irongo,Irongo
NAME_3,UGA,Iganga,Luuka,Nawampiti,Nawampiti,Nawampiti
NAME_3,UGA,Iganga,Luuka,Waibuga,Waibuga,Waibuga
NAME_3,UGA,Jinja,Butembe,Busedde,Busedde,Busedde
NAME_3,UGA,Jinja,Butembe,Kakira,Kakira,Kakira
NAME_3,UGA,Jinja,Butembe,Mafubira,Mafubira,Mafubira
NAME_3,UGA,Jinja,Jinja,Central_Division,Central_Division,Central_Division
NAME_3,UGA,Jinja,Jinja,Masese_Walukuba,Masese_Walukuba,Masese_Walukuba
NAME_3,UGA,Jinja,Jinja,Mpumudde_Kimaka,Mpumudde_Kimaka,Mpumudde_Kimaka
NAME_3,UGA,Jinja,Kagoma,Budondo,Budondo,Budondo
NAME_3,UGA,Jinja,Kagoma,Butagaya,Butagaya,Butagaya
NAME_3,UGA,Jinja,Kagoma,Buwenge_Tc,Buwenge_Tc,Buwenge_Tc
NAME_3,UGA,Jinja,Kagoma,Buwenge,Buwenge,Buwenge
NAME_3,UGA,Jinja,Kagoma,Buyengo,Buyengo,Buyengo
NAME_3,UGA,Kabale,Kabale,Kabale_Central,Kabale_Central,Kabale_Central
NAME_3,UGA,Kabale,Kabale,Kabale_Northern,Kabale_Northern,Kabale_Northern
NAME_3,UGA,Kabale,Kabale,Kabale_Southern,Kabale_Southern,Kabale_Southern
NAME_3,UGA,Kabale,Ndorwa,Buhara,Buhara,Buhara
NAME_3,UGA,Kabale,Ndorwa,Kaharo,Kaharo,Kaharo
NAME_3,UGA,Kabale,Ndorwa,Kamuganguzi,Kamuganguzi,Kamuganguzi
NAME_3,UGA,Kabale,Ndorwa,Kitumba,Kitumba,Kitumba
NAME_3,UGA,Kabale,Ndorwa,Kyanamira,Kyanamira,Kyanamira
NAME_3,UGA,Kabale,Ndorwa,Maziba,Maziba,Maziba
NAME_3,UGA,Kabale,Ndorwa,Rubaya,Rubaya,Rubaya
NAME_3,UGA,Kabale,Rubanda,Bubaare,Bubaare,Bubaare
NAME_3,UGA,Kabale,Rubanda,Bufundi,Bufundi,Bufundi
NAME_3,UGA,Kabale,Rubanda,Hamurwa,Hamurwa,Hamurwa
NAME_3,UGA,Kabale,Rubanda,Ikumba,Ikumba,Ikumba
NAME_3,UGA,Kabale,Rubanda,Muko,Muko,Muko
NAME_3,UGA,Kabale,Rukiga,Bukinda,Bukinda,Bukinda
NAME_3,UGA,Kabale,Rukiga,Kamwezi,Kamwezi,Kamwezi
NAME_3,UGA,Kabale,Rukiga,Kashambya,Kashambya,Kashambya
NAME_3,UGA,Kabale,Rukiga,Rwamucucu,Rwamucucu,Rwamucucu
NAME_3,UGA,Kabarole,Bunyangabu,Buhesi,Buhesi,Buhesi
NAME_3,UGA,Kabarole,Bunyangabu,Kibiito,Kibiito,Kibiito
NAME_3,UGA,Kabarole,Bunyangabu,Kisomoro,Kisomoro,Kisomoro
NAME_3,UGA,Kabarole,Bunyangabu,Rwiimi,Rwiimi,Rwiimi
NAME_3,UGA,Kabarole,Burahya,Bukuku,Bukuku,Bukuku
NAME_3,UGA,Kabarole,Burahya,Busoro,Busoro,Busoro
NAME_3,UGA,Kabarole,Burahya,Hakibaale,Hakibaale,Hakibaale
NAME_3,UGA,Kabarole,Burahya,Karambi,Karambi,Karambi
NAME_3,UGA,Kabarole,Burahya,Kichwamba,Kichwamba,Kichwamba
NAME_3,UGA,Kabarole,Burahya,Mugusu,Mugusu,Mugusu
NAME_3,UGA,Kabarole,Burahya,Ruteete,Ruteete,Ruteete
NAME_3,UGA,Kabarole,Burahya,Rwiimi,Rwiimi,Rwiimi
NAME_3,UGA,Kabarole,Fort_Portal,Eastern,Eastern,Eastern
NAME_3,UGA,Kabarole,Fort_Portal,Southern,Southern,Southern
NAME_3,UGA,Kabarole,Fort_Portal,Western,Western,Western
NAME_3,UGA,Kaberamaido,Kaberamaido,Alwa,Alwa,Alwa
NAME_3,UGA,Kaberamaido,Kaberamaido,Kaberamaido_Tc,Kaberamaido_Tc,Kaberamaido_Tc
NAME_3,UGA,Kaberamaido,Kaberamaido,Kaberamaido,Kaberamaido,Kaberamaido
NAME_3,UGA,Kaberamaido,Kaberamaido,Kobulubulu,Kobulubulu,Kobulubulu
NAME_3,UGA,Kaberamaido,Kaberamaido,Ochero,Ochero,Ochero
NAME_3,UGA,Kaberamaido,Kalaki,Anyara,Anyara,Anyara
NAME_3,UGA,Kaberamaido,Kalaki,Bululu,Bululu,Bululu
NAME_3,UGA,Kaberamaido,Kalaki,Kalaki,Kalaki,Kalaki
NAME_3,UGA,Kaberamaido,Kalaki,Otuboi,Otuboi,Otuboi
NAME_3,UGA,Kalangala,Bujumba,Bujumba,Bujumba,Bujumba
NAME_3,UGA,Kalangala,Bujumba,Kalangala_Tc,Kalangala_Tc,Kalangala_Tc
NAME_3,UGA,Kalangala,Bujumba,Mugoye,Mugoye,Mugoye
NAME_3,UGA,Kalangala,Kyamuswa,Bubeke,Bubeke,Bubeke
NAME_3,UGA,Kalangala,Kyamuswa,Bufumira,Bufumira,Bufumira
NAME_3,UGA,Kalangala,Kyamuswa,Kyamuswa,Kyamuswa,Kyamuswa
NAME_3,UGA,Kalangala,Kyamuswa,Mazinga,Mazinga,Mazinga
NAME_3,UGA,Kampala,Kampala,Central_Division,Central_Division,Central_Division
NAME_3,UGA,Kampala,Kampala,Kawempe_Division,Kawempe_Division,Kawempe_Division
NAME_3,UGA,Kampala,Kampala,Makindye,Makindye,Makindye
NAME_3,UGA,Kampala,Kampala,Nakawa_Division,Nakawa_Division,Nakawa_Division
NAME_3,UGA,Kampala,Kampala,Rubaga_Division,Rubaga_Division,Rubaga_Division
NAME_3,UGA,Kamuli,Budiope,Bugaya,Bugaya,Bugaya
NAME_3,UGA,Kamuli,Budiope,Buyende,Buyende,Buyende
NAME_3,UGA,Kamuli,Budiope,Kagulu,Kagulu,Kagulu
NAME_3,UGA,Kamuli,Budiope,Kidera,Kidera,Kidera
NAME_3,UGA,Kamuli,Budiope,Nkondo,Nkondo,Nkondo
NAME_3,UGA,Kamuli,Bugabula,Balawoli,Balawoli,Balawoli
NAME_3,UGA,Kamuli,Bugabula,Bulopa,Bulopa,Bulopa
NAME_3,UGA,Kamuli,Bugabula,Butansi,Butansi,Butansi
NAME_3,UGA,Kamuli,Bugabula,Kamuli_Tc,Kamuli_Tc,Kamuli_Tc
NAME_3,UGA,Kamuli,Bugabula,Kitayunjwa,Kitayunjwa,Kitayunjwa
NAME_3,UGA,Kamuli,Bugabula,Nabwigulu,Nabwigulu,Nabwigulu
NAME_3,UGA,Kamuli,Bugabula,Namasagali,Namasagali,Namasagali
NAME_3,UGA,Kamuli,Bugabula,Namwendwa,Namwendwa,Namwendwa
NAME_3,UGA,Kamuli,Bulamogi,Bumanya,Bumanya,Bumanya
NAME_3,UGA,Kamuli,Bulamogi,Gadumire,Gadumire,Gadumire
NAME_3,UGA,Kamuli,Bulamogi,Namugongo,Namugongo,Namugongo
NAME_3,UGA,Kamuli,Bulamogi,Namwiwa,Namwiwa,Namwiwa
NAME_3,UGA,Kamuli,Bulamogi,Nawaikoke,Nawaikoke,Nawaikoke
NAME_3,UGA,Kamuli,Buzaaya,Bugulumbya,Bugulumbya,Bugulumbya
NAME_3,UGA,Kamuli,Buzaaya,Kisozi,Kisozi,Kisozi
NAME_3,UGA,Kamuli,Buzaaya,Mbulamuti,Mbulamuti,Mbulamuti
NAME_3,UGA,Kamuli,Buzaaya,Nawanyago,Nawanyago,Nawanyago
NAME_3,UGA,Kamuli,Buzaaya,Wankole,Wankole,Wankole
NAME_3,UGA,Kamwenge,Kibale,Bwiizi,Bwiizi,Bwiizi
NAME_3,UGA,Kamwenge,Kibale,Kahunge,Kahunge,Kahunge
NAME_3,UGA,Kamwenge,Kibale,Kamwenge_Tc,Kamwenge_Tc,Kamwenge_Tc
NAME_3,UGA,Kamwenge,Kibale,Kamwenge,Kamwenge,Kamwenge
NAME_3,UGA,Kamwenge,Kibale,Nkoma,Nkoma,Nkoma
NAME_3,UGA,Kamwenge,Kitagwenda,Kacheche,Kacheche,Kacheche
NAME_3,UGA,Kamwenge,Kitagwenda,Mahyoro,Mahyoro,Mahyoro
NAME_3,UGA,Kamwenge,Kitagwenda,Ntara,Ntara,Ntara
NAME_3,UGA,Kamwenge,Kitagwenda,Nyabbani,Nyabbani,Nyabbani
NAME_3,UGA,Kanungu,Kinkiizi,Kambuga,Kambuga,Kambuga
NAME_3,UGA,Kanungu,Kinkiizi,Kanungu_Tc,Kanungu_Tc,Kanungu_Tc
NAME_3,UGA,Kanungu,Kinkiizi,Kanyantorogo,Kanyantorogo,Kanyantorogo
NAME_3,UGA,Kanungu,Kinkiizi,Kayonza,Kayonza,Kayonza
NAME_3,UGA,Kanungu,Kinkiizi,Kihiihi,Kihiihi,Kihiihi
NAME_3,UGA,Kanungu,Kinkiizi,Kirima,Kirima,Kirima
NAME_3,UGA,Kanungu,Kinkiizi,Mpungu,Mpungu,Mpungu
NAME_3,UGA,Kanungu,Kinkiizi,Nyamirama,Nyamirama,Nyamirama
NAME_3,UGA,Kanungu,Kinkiizi,Rugyeyo,Rugyeyo,Rugyeyo
NAME_3,UGA,Kanungu,Kinkiizi,Rutenga,Rutenga,Rutenga
NAME_3,UGA,Kapchorwa,Kongasis,Bukwa,Bukwa,Bukwa
NAME_3,UGA,Kapchorwa,Kongasis,Chesower,Chesower,Chesower
NAME_3,UGA,Kapchorwa,Kongasis,Kabei,Kabei,Kabei
NAME_3,UGA,Kapchorwa,Kongasis,Suam,Suam,Suam
NAME_3,UGA,Kapchorwa,Kween,Benet,Benet,Benet
NAME_3,UGA,Kapchorwa,Kween,Binyiny,Binyiny,Binyiny
NAME_3,UGA,Kapchorwa,Kween,Kaproron,Kaproron,Kaproron
NAME_3,UGA,Kapchorwa,Kween,Kwanyiny,Kwanyiny,Kwanyiny
NAME_3,UGA,Kapchorwa,Kween,Ngenge,Ngenge,Ngenge
NAME_3,UGA,Kapchorwa,Tingey,Chema,Chema,Chema
NAME_3,UGA,Kapchorwa,Tingey,Kapchorwa_Tc,Kapchorwa_Tc,Kapchorwa_Tc
NAME_3,UGA,Kapchorwa,Tingey,Kaptanya,Kaptanya,Kaptanya
NAME_3,UGA,Kapchorwa,Tingey,Kaserem,Kaserem,Kaserem
NAME_3,UGA,Kapchorwa,Tingey,Kawowo,Kawowo,Kawowo
NAME_3,UGA,Kapchorwa,Tingey,Sipi,Sipi,Sipi
NAME_3,UGA,Kapchorwa,Tingey,Tegeres,Tegeres,Tegeres
NAME_3,UGA,Kasese,Bukonjo,Bwera,Bwera,Bwera
NAME_3,UGA,Kasese,Bukonjo,Ihandiro,Ihandiro,Ihandiro
NAME_3,UGA,Kasese,Bukonjo,Karambi,Karambi,Karambi
NAME_3,UGA,Kasese,Bukonjo,Kilembe,Kilembe,Kilembe
NAME_3,UGA,Kasese,Bukonjo,Kisinga,Kisinga,Kisinga
NAME_3,UGA,Kasese,Bukonjo,Kitholhu,Kitholhu,Kitholhu
NAME_3,UGA,Kasese,Bukonjo,Kyarumba,Kyarumba,Kyarumba
NAME_3,UGA,Kasese,Bukonjo,Kyondo,Kyondo,Kyondo
NAME_3,UGA,Kasese,Bukonjo,Mahango,Mahango,Mahango
NAME_3,UGA,Kasese,Bukonjo,Munkunyu,Munkunyu,Munkunyu
NAME_3,UGA,Kasese,Bukonjo,Nyakiyumbu,Nyakiyumbu,Nyakiyumbu
NAME_3,UGA,Kasese,Busongora,Bugoye,Bugoye,Bugoye
NAME_3,UGA,Kasese,Busongora,Karusandara,Karusandara,Karusandara
NAME_3,UGA,Kasese,Busongora,Kasese_Tc,Kasese_Tc,Kasese_Tc
NAME_3,UGA,Kasese,Busongora,Katwe_Kabatoro,Katwe_Kabatoro,Katwe_Kabatoro
NAME_3,UGA,Kasese,Busongora,Kilembe,Kilembe,Kilembe
NAME_3,UGA,Kasese,Busongora,Kitswamba,Kitswamba,Kitswamba
NAME_3,UGA,Kasese,Busongora,Kyabarungira,Kyabarungira,Kyabarungira
NAME_3,UGA,Kasese,Busongora,L.Katwe,L.Katwe,L.Katwe
NAME_3,UGA,Kasese,Busongora,Maliba,Maliba,Maliba
NAME_3,UGA,Kasese,Busongora,Muhokya,Muhokya,Muhokya
NAME_3,UGA,Kasese,Busongora,Rukoki,Rukoki,Rukoki
NAME_3,UGA,Katakwi,Amuria,Abarilela,Abarilela,Abarilela
NAME_3,UGA,Katakwi,Amuria,Asamuk,Asamuk,Asamuk
NAME_3,UGA,Katakwi,Amuria,Kuju,Kuju,Kuju
NAME_3,UGA,Katakwi,Amuria,Morungatuny,Morungatuny,Morungatuny
NAME_3,UGA,Katakwi,Amuria,Orungo,Orungo,Orungo
NAME_3,UGA,Katakwi,Amuria,Wera,Wera,Wera
NAME_3,UGA,Katakwi,Kapelebyong,Achowa,Achowa,Achowa
NAME_3,UGA,Katakwi,Kapelebyong,Kapelebyong,Kapelebyong,Kapelebyong
NAME_3,UGA,Katakwi,Kapelebyong,Obalanga,Obalanga,Obalanga
NAME_3,UGA,Katakwi,Usuk,Kapujan,Kapujan,Kapujan
NAME_3,UGA,Katakwi,Usuk,Katakwi_Tc,Katakwi_Tc,Katakwi_Tc
NAME_3,UGA,Katakwi,Usuk,Katakwi,Katakwi,Katakwi
NAME_3,UGA,Katakwi,Usuk,Magoro,Magoro,Magoro
NAME_3,UGA,Katakwi,Usuk,Ngariam,Ngariam,Ngariam
NAME_3,UGA,Katakwi,Usuk,Omodoi,Omodoi,Omodoi
NAME_3,UGA,Katakwi,Usuk,Ongongoja,Ongongoja,Ongongoja
NAME_3,UGA,Katakwi,Usuk,Toroma,Toroma,Toroma
NAME_3,UGA,Katakwi,Usuk,Usuk,Usuk,Usuk
NAME_3,UGA,Kayunga,Bbaale,Bbaale,Bbaale,Bbaale
NAME_3,UGA,Kayunga,Bbaale,Galiraya,Galiraya,Galiraya
NAME_3,UGA,Kayunga,Bbaale,Kayonza,Kayonza,Kayonza
NAME_3,UGA,Kayunga,Bbaale,Wabwoko-Kitimbwa,Wabwoko-Kitimbwa,Wabwoko-Kitimbwa
NAME_3,UGA,Kayunga,Ntenjeru,Busana,Busana,Busana
NAME_3,UGA,Kayunga,Ntenjeru,Kangulumira,Kangulumira,Kangulumira
NAME_3,UGA,Kayunga,Ntenjeru,Kayunga_Tc,Kayunga_Tc,Kayunga_Tc
NAME_3,UGA,Kayunga,Ntenjeru,Kayunga,Kayunga,Kayunga
NAME_3,UGA,Kayunga,Ntenjeru,Nazigo,Nazigo,Nazigo
NAME_3,UGA,Kibale,Bugangaizi,Bwanswa,Bwanswa,Bwanswa
NAME_3,UGA,Kibale,Bugangaizi,Kakindo,Kakindo,Kakindo
NAME_3,UGA,Kibale,Bugangaizi,Kasambya,Kasambya,Kasambya
NAME_3,UGA,Kibale,Bugangaizi,Kisiita,Kisiita,Kisiita
NAME_3,UGA,Kibale,Bugangaizi,Nalweyo,Nalweyo,Nalweyo
NAME_3,UGA,Kibale,Bugangaizi,Nkooko,Nkooko,Nkooko
NAME_3,UGA,Kibale,Buyaga,Bwamiramira,Bwamiramira,Bwamiramira
NAME_3,UGA,Kibale,Buyaga,Bwikara,Bwikara,Bwikara
NAME_3,UGA,Kibale,Buyaga,Kagadi,Kagadi,Kagadi
NAME_3,UGA,Kibale,Buyaga,Kibaale_Tc,Kibaale_Tc,Kibaale_Tc
NAME_3,UGA,Kibale,Buyaga,Kiryanga,Kiryanga,Kiryanga
NAME_3,UGA,Kibale,Buyaga,Kyanaisoke,Kyanaisoke,Kyanaisoke
NAME_3,UGA,Kibale,Buyaga,Kyebando,Kyebando,Kyebando
NAME_3,UGA,Kibale,Buyaga,Mabaale,Mabaale,Mabaale
NAME_3,UGA,Kibale,Buyaga,Matale,Matale,Matale
NAME_3,UGA,Kibale,Buyaga,Mpeefu,Mpeefu,Mpeefu
NAME_3,UGA,Kibale,Buyaga,Mugarama,Mugarama,Mugarama
NAME_3,UGA,Kibale,Buyaga,Muhoro,Muhoro,Muhoro
NAME_3,UGA,Kibale,Buyaga,Rugashari,Rugashari,Rugashari
NAME_3,UGA,Kiboga,Kiboga,Bukomero,Bukomero,Bukomero
NAME_3,UGA,Kiboga,Kiboga,Butemba,Butemba,Butemba
NAME_3,UGA,Kiboga,Kiboga,Dwaniro,Dwaniro,Dwaniro
NAME_3,UGA,Kiboga,Kiboga,Gayaza,Gayaza,Gayaza
NAME_3,UGA,Kiboga,Kiboga,Kapeke,Kapeke,Kapeke
NAME_3,UGA,Kiboga,Kiboga,Kibiga,Kibiga,Kibiga
NAME_3,UGA,Kiboga,Kiboga,Kiboga_Tc,Kiboga_Tc,Kiboga_Tc
NAME_3,UGA,Kiboga,Kiboga,Kyankwanzi,Kyankwanzi,Kyankwanzi
NAME_3,UGA,Kiboga,Kiboga,Lwamata,Lwamata,Lwamata
NAME_3,UGA,Kiboga,Kiboga,Mulagi,Mulagi,Mulagi
NAME_3,UGA,Kiboga,Kiboga,Muwanga,Muwanga,Muwanga
NAME_3,UGA,Kiboga,Kiboga,Nsambya,Nsambya,Nsambya
NAME_3,UGA,Kiboga,Kiboga,Ntwetwe,Ntwetwe,Ntwetwe
NAME_3,UGA,Kiboga,Kiboga,Wattuba,Wattuba,Wattuba
NAME_3,UGA,Kisoro,Kisoro,Bukimbiri,Bukimbiri,Bukimbiri
NAME_3,UGA,Kisoro,Kisoro,Busanza,Busanza,Busanza
NAME_3,UGA,Kisoro,Kisoro,Chahi,Chahi,Chahi
NAME_3,UGA,Kisoro,Kisoro,Kanaba,Kanaba,Kanaba
NAME_3,UGA,Kisoro,Kisoro,Kirundo,Kirundo,Kirundo
NAME_3,UGA,Kisoro,Kisoro,Kisoro_Tc,Kisoro_Tc,Kisoro_Tc
NAME_3,UGA,Kisoro,Kisoro,Muramba,Muramba,Muramba
NAME_3,UGA,Kisoro,Kisoro,Murora,Murora,Murora
NAME_3,UGA,Kisoro,Kisoro,Nyabwishenya,Nyabwishenya,Nyabwishenya
NAME_3,UGA,Kisoro,Kisoro,Nyakabande,Nyakabande,Nyakabande
NAME_3,UGA,Kisoro,Kisoro,Nyakinama,Nyakinama,Nyakinama
NAME_3,UGA,Kisoro,Kisoro,Nyarubuye,Nyarubuye,Nyarubuye
NAME_3,UGA,Kisoro,Kisoro,Nyarusiza,Nyarusiza,Nyarusiza
NAME_3,UGA,Kisoro,Kisoro,Nyundo,Nyundo,Nyundo
NAME_3,UGA,Kitgum,Chua,Kitgum_Tc,Kitgum_Tc,Kitgum_Tc
NAME_3,UGA,Kitgum,Chua,Kitigum_Matidi,Kitigum_Matidi,Kitigum_Matidi
NAME_3,UGA,Kitgum,Chua,Labongo_Akwang,Labongo_Akwang,Labongo_Akwang
NAME_3,UGA,Kitgum,Chua,Labongo_Amida,Labongo_Amida,Labongo_Amida
NAME_3,UGA,Kitgum,Chua,Labongo_Layamo,Labongo_Layamo,Labongo_Layamo
NAME_3,UGA,Kitgum,Chua,Lagoro,Lagoro,Lagoro
NAME_3,UGA,Kitgum,Chua,Mucwini,Mucwini,Mucwini
NAME_3,UGA,Kitgum,Chua,Namokora,Namokora,Namokora
NAME_3,UGA,Kitgum,Chua,Omiya_Anyima,Omiya_Anyima,Omiya_Anyima
NAME_3,UGA,Kitgum,Chua,Orom,Orom,Orom
NAME_3,UGA,Kitgum,Lamwo,Agoro,Agoro,Agoro
NAME_3,UGA,Kitgum,Lamwo,Lokung,Lokung,Lokung
NAME_3,UGA,Kitgum,Lamwo,Madi-Opei,Madi-Opei,Madi-Opei
NAME_3,UGA,Kitgum,Lamwo,Padibe_East,Padibe_East,Padibe_East
NAME_3,UGA,Kitgum,Lamwo,Padibe_West,Padibe_West,Padibe_West
NAME_3,UGA,Kitgum,Lamwo,Palabek_Gem,Palabek_Gem,Palabek_Gem
NAME_3,UGA,Kitgum,Lamwo,Palabek_Kal,Palabek_Kal,Palabek_Kal
NAME_3,UGA,Kitgum,Lamwo,Paloga,Paloga,Paloga
NAME_3,UGA,Kitgum,Lamwo,Parabek_Ogili,Parabek_Ogili,Parabek_Ogili
NAME_3,UGA,Kotido,Dodoth,Kaabong_T.C.,Kaabong_T.C.,Kaabong_T.C.
NAME_3,UGA,Kotido,Dodoth,Kaabong,Kaabong,Kaabong
NAME_3,UGA,Kotido,Dodoth,Kalapata,Kalapata,Kalapata
NAME_3,UGA,Kotido,Dodoth,Kapedo,Kapedo,Kapedo
NAME_3,UGA,Kotido,Dodoth,Karenga,Karenga,Karenga
NAME_3,UGA,Kotido,Dodoth,Kathile,Kathile,Kathile
NAME_3,UGA,Kotido,Dodoth,Lolelia,Lolelia,Lolelia
NAME_3,UGA,Kotido,Dodoth,Loyoro,Loyoro,Loyoro
NAME_3,UGA,Kotido,Dodoth,Sidok,Sidok,Sidok
NAME_3,UGA,Kotido,Jie,Kacheri,Kacheri,Kacheri
NAME_3,UGA,Kotido,Jie,Kotido_T.C.,Kotido_T.C.,Kotido_T.C.
NAME_3,UGA,Kotido,Jie,Kotido,Kotido,Kotido
NAME_3,UGA,Kotido,Jie,Nakaperimoru,Nakaperimoru,Nakaperimoru
NAME_3,UGA,Kotido,Jie,Panyangara,Panyangara,Panyangara
NAME_3,UGA,Kotido,Jie,Rengen,Rengen,Rengen
NAME_3,UGA,Kotido,Labwor,Abim,Abim,Abim
NAME_3,UGA,Kotido,Labwor,Alerek,Alerek,Alerek
NAME_3,UGA,Kotido,Labwor,Lotukei,Lotukei,Lotukei
NAME_3,UGA,Kotido,Labwor,Morulem,Morulem,Morulem
NAME_3,UGA,Kotido,Labwor,Nyakwae,Nyakwae,Nyakwae
NAME_3,UGA,Kumi,Bukedea,Bukedea,Bukedea,Bukedea
NAME_3,UGA,Kumi,Bukedea,Kachumbala,Kachumbala,Kachumbala
NAME_3,UGA,Kumi,Bukedea,Kidongole,Kidongole,Kidongole
NAME_3,UGA,Kumi,Bukedea,Kolir,Kolir,Kolir
NAME_3,UGA,Kumi,Bukedea,Malera,Malera,Malera
NAME_3,UGA,Kumi,Kumi,Atutur,Atutur,Atutur
NAME_3,UGA,Kumi,Kumi,Kanyum,Kanyum,Kanyum
NAME_3,UGA,Kumi,Kumi,Kumi_Tc,Kumi_Tc,Kumi_Tc
NAME_3,UGA,Kumi,Kumi,Kumi,Kumi,Kumi
NAME_3,UGA,Kumi,Kumi,Mukongoro,Mukongoro,Mukongoro
NAME_3,UGA,Kumi,Kumi,Nyero,Nyero,Nyero
NAME_3,UGA,Kumi,Kumi,Ongino,Ongino,Ongino
NAME_3,UGA,Kumi,Ngora,Kapir,Kapir,Kapir
NAME_3,UGA,Kumi,Ngora,Kobwin,Kobwin,Kobwin
NAME_3,UGA,Kumi,Ngora,Mukura,Mukura,Mukura
NAME_3,UGA,Kumi,Ngora,Ngora,Ngora,Ngora
NAME_3,UGA,Kyenjojo,Kyaka,Hapuyo,Hapuyo,Hapuyo
NAME_3,UGA,Kyenjojo,Kyaka,Kakabara,Kakabara,Kakabara
NAME_3,UGA,Kyenjojo,Kyaka,Kasule,Kasule,Kasule
NAME_3,UGA,Kyenjojo,Kyaka,Kyegegwa,Kyegegwa,Kyegegwa
NAME_3,UGA,Kyenjojo,Kyaka,Mpara,Mpara,Mpara
NAME_3,UGA,Kyenjojo,Mwenge,Bufunjo,Bufunjo,Bufunjo
NAME_3,UGA,Kyenjojo,Mwenge,Bugaki,Bugaki,Bugaki
NAME_3,UGA,Kyenjojo,Mwenge,Butiiti,Butiiti,Butiiti
NAME_3,UGA,Kyenjojo,Mwenge,Katooke,Katooke,Katooke
NAME_3,UGA,Kyenjojo,Mwenge,Kihuura,Kihuura,Kihuura
NAME_3,UGA,Kyenjojo,Mwenge,Kyarusozi,Kyarusozi,Kyarusozi
NAME_3,UGA,Kyenjojo,Mwenge,Kyenjojo__Tc,Kyenjojo__Tc,Kyenjojo__Tc
NAME_3,UGA,Kyenjojo,Mwenge,Nyankwanzi,Nyankwanzi,Nyankwanzi
NAME_3,UGA,Kyenjojo,Mwenge,Nyantungo,Nyantungo,Nyantungo
NAME_3,UGA,Lake_Albert,Lake_Albert,Lake_Albert,Lake_Albert,Lake_Albert
NAME_3,UGA,Lake_Victoria,Lake_Victoria,Lake_Victoria,Lake_Victoria,Lake_Victoria
NAME_3,UGA,Lira,Dokolo,Agwata,Agwata,Agwata
NAME_3,UGA,Lira,Dokolo,Bata,Bata,Bata
NAME_3,UGA,Lira,Dokolo,Dokolo,Dokolo,Dokolo
NAME_3,UGA,Lira,Dokolo,Kangai,Kangai,Kangai
NAME_3,UGA,Lira,Dokolo,Kwera,Kwera,Kwera
NAME_3,UGA,Lira,Erute,Adekokwok,Adekokwok,Adekokwok
NAME_3,UGA,Lira,Erute,Amach,Amach,Amach
NAME_3,UGA,Lira,Erute,Aromo,Aromo,Aromo
NAME_3,UGA,Lira,Erute,Barr,Barr,Barr
NAME_3,UGA,Lira,Erute,Lira,Lira,Lira
NAME_3,UGA,Lira,Erute,Ogur,Ogur,Ogur
NAME_3,UGA,Lira,Kyoga,Aputi,Aputi,Aputi
NAME_3,UGA,Lira,Kyoga,Awelo,Awelo,Awelo
NAME_3,UGA,Lira,Kyoga,Muntu,Muntu,Muntu
NAME_3,UGA,Lira,Kyoga,Namasale,Namasale,Namasale
NAME_3,UGA,Lira,Lira,Adyel,Adyel,Adyel
NAME_3,UGA,Lira,Lira,Central,Central,Central
NAME_3,UGA,Lira,Lira,Ojwina,Ojwina,Ojwina
NAME_3,UGA,Lira,Lira,Railway,Railway,Railway
NAME_3,UGA,Lira,Moroto,Abako,Abako,Abako
NAME_3,UGA,Lira,Moroto,Aloi,Aloi,Aloi
NAME_3,UGA,Lira,Moroto,Amugo,Amugo,Amugo
NAME_3,UGA,Lira,Moroto,Apalla,Apalla,Apalla
NAME_3,UGA,Lira,Moroto,Omoro,Omoro,Omoro
NAME_3,UGA,Lira,Otuke,Adwari,Adwari,Adwari
NAME_3,UGA,Lira,Otuke,Okwang,Okwang,Okwang
NAME_3,UGA,Lira,Otuke,Olilim,Olilim,Olilim
NAME_3,UGA,Lira,Otuke,Orum,Orum,Orum
NAME_3,UGA,Luwero,Bamunanika,Bamunanika,Bamunanika,Bamunanika
NAME_3,UGA,Luwero,Bamunanika,Kalagala,Kalagala,Kalagala
NAME_3,UGA,Luwero,Bamunanika,Kamira,Kamira,Kamira
NAME_3,UGA,Luwero,Bamunanika,Kikyusa,Kikyusa,Kikyusa
NAME_3,UGA,Luwero,Bamunanika,Zirobwe,Zirobwe,Zirobwe
NAME_3,UGA,Luwero,Katikamu,Bombo_Tc,Bombo_Tc,Bombo_Tc
NAME_3,UGA,Luwero,Katikamu,Butuntumula,Butuntumula,Butuntumula
NAME_3,UGA,Luwero,Katikamu,Katikamu,Katikamu,Katikamu
NAME_3,UGA,Luwero,Katikamu,Luwero_Tc,Luwero_Tc,Luwero_Tc
NAME_3,UGA,Luwero,Katikamu,Luwero,Luwero,Luwero
NAME_3,UGA,Luwero,Katikamu,Makulubita,Makulubita,Makulubita
NAME_3,UGA,Luwero,Katikamu,Nyimbwa,Nyimbwa,Nyimbwa
NAME_3,UGA,Luwero,Katikamu,Wobulenzi_Tc,Wobulenzi_Tc,Wobulenzi_Tc
NAME_3,UGA,Luwero,Nakaseke,Kapeeka,Kapeeka,Kapeeka
NAME_3,UGA,Luwero,Nakaseke,Kasangombe,Kasangombe,Kasangombe
NAME_3,UGA,Luwero,Nakaseke,Kikamulo,Kikamulo,Kikamulo
NAME_3,UGA,Luwero,Nakaseke,Nakaseke,Nakaseke,Nakaseke
NAME_3,UGA,Luwero,Nakaseke,Ngoma,Ngoma,Ngoma
NAME_3,UGA,Luwero,Nakaseke,Semuto,Semuto,Semuto
NAME_3,UGA,Luwero,Nakaseke,Wakyato,Wakyato,Wakyato
NAME_3,UGA,Masaka,Bukomansimbi,Bigasa,Bigasa,Bigasa
NAME_3,UGA,Masaka,Bukomansimbi,Butenga,Butenga,Butenga
NAME_3,UGA,Masaka,Bukomansimbi,Kibingo,Kibingo,Kibingo
NAME_3,UGA,Masaka,Bukomansimbi,Kitanda,Kitanda,Kitanda
NAME_3,UGA,Masaka,Bukoto,Bukakata,Bukakata,Bukakata
NAME_3,UGA,Masaka,Bukoto,Buwunga,Buwunga,Buwunga
NAME_3,UGA,Masaka,Bukoto,Kabonera,Kabonera,Kabonera
NAME_3,UGA,Masaka,Bukoto,Kisekka,Kisekka,Kisekka
NAME_3,UGA,Masaka,Bukoto,Kkingo,Kkingo,Kkingo
NAME_3,UGA,Masaka,Bukoto,Kyanamukaaka,Kyanamukaaka,Kyanamukaaka
NAME_3,UGA,Masaka,Bukoto,Kyazanga,Kyazanga,Kyazanga
NAME_3,UGA,Masaka,Bukoto,Lwengo,Lwengo,Lwengo
NAME_3,UGA,Masaka,Bukoto,Malongo,Malongo,Malongo
NAME_3,UGA,Masaka,Bukoto,Mukungwe,Mukungwe,Mukungwe
NAME_3,UGA,Masaka,Bukoto,Ndagwe,Ndagwe,Ndagwe
NAME_3,UGA,Masaka,Kalungu,Bukulula,Bukulula,Bukulula
NAME_3,UGA,Masaka,Kalungu,Kalungu,Kalungu,Kalungu
NAME_3,UGA,Masaka,Kalungu,Kyamuliibwa,Kyamuliibwa,Kyamuliibwa
NAME_3,UGA,Masaka,Kalungu,Lukaya_Tc,Lukaya_Tc,Lukaya_Tc
NAME_3,UGA,Masaka,Kalungu,Lwabenge,Lwabenge,Lwabenge
NAME_3,UGA,Masaka,Masaka,Katwe_Butego,Katwe_Butego,Katwe_Butego
NAME_3,UGA,Masaka,Masaka,Kimanya_Kyabaku,Kimanya_Kyabaku,Kimanya_Kyabaku
NAME_3,UGA,Masaka,Masaka,Nyendo_Senyange,Nyendo_Senyange,Nyendo_Senyange
NAME_3,UGA,Masindi,Bujenje,Biiso,Biiso,Biiso
NAME_3,UGA,Masindi,Bujenje,Budongo,Budongo,Budongo
NAME_3,UGA,Masindi,Bujenje,Buliisa,Buliisa,Buliisa
NAME_3,UGA,Masindi,Bujenje,Bwijanga,Bwijanga,Bwijanga
NAME_3,UGA,Masindi,Buruli,Karujubu,Karujubu,Karujubu
NAME_3,UGA,Masindi,Buruli,Kimengo,Kimengo,Kimengo
NAME_3,UGA,Masindi,Buruli,Masindi_Tc,Masindi_Tc,Masindi_Tc
NAME_3,UGA,Masindi,Buruli,Miirya,Miirya,Miirya
NAME_3,UGA,Masindi,Buruli,Nyangahya,Nyangahya,Nyangahya
NAME_3,UGA,Masindi,Buruli,Pakanyi,Pakanyi,Pakanyi
NAME_3,UGA,Masindi,Kibanda,Kigumba,Kigumba,Kigumba
NAME_3,UGA,Masindi,Kibanda,Kiryandongo,Kiryandongo,Kiryandongo
NAME_3,UGA,Masindi,Kibanda,Masindi_Port,Masindi_Port,Masindi_Port
NAME_3,UGA,Masindi,Kibanda,Mutunda,Mutunda,Mutunda
NAME_3,UGA,Mayuge,Bunya,Baitambogwe,Baitambogwe,Baitambogwe
NAME_3,UGA,Mayuge,Bunya,Buwaya,Buwaya,Buwaya
NAME_3,UGA,Mayuge,Bunya,Imanyiro,Imanyiro,Imanyiro
NAME_3,UGA,Mayuge,Bunya,Kigandalo,Kigandalo,Kigandalo
NAME_3,UGA,Mayuge,Bunya,Kityerera,Kityerera,Kityerera
NAME_3,UGA,Mayuge,Bunya,Malongo,Malongo,Malongo
NAME_3,UGA,Mayuge,Bunya,Mayuge_Tc,Mayuge_Tc,Mayuge_Tc
NAME_3,UGA,Mbale,Bubulo,Bubutu,Bubutu,Bubutu
NAME_3,UGA,Mbale,Bubulo,Bugobero,Bugobero,Bugobero
NAME_3,UGA,Mbale,Bubulo,Bumbo,Bumbo,Bumbo
NAME_3,UGA,Mbale,Bubulo,Bumwoni,Bumwoni,Bumwoni
NAME_3,UGA,Mbale,Bubulo,Bupoto,Bupoto,Bupoto
NAME_3,UGA,Mbale,Bubulo,Butiru,Butiru,Butiru
NAME_3,UGA,Mbale,Bubulo,Buwabwala,Buwabwala,Buwabwala
NAME_3,UGA,Mbale,Bubulo,Buwagogo,Buwagogo,Buwagogo
NAME_3,UGA,Mbale,Bubulo,Kaato,Kaato,Kaato
NAME_3,UGA,Mbale,Bubulo,Sibanga,Sibanga,Sibanga
NAME_3,UGA,Mbale,Bungokho,Bufumbo,Bufumbo,Bufumbo
NAME_3,UGA,Mbale,Bungokho,Bukonde,Bukonde,Bukonde
NAME_3,UGA,Mbale,Bungokho,Bukyiende,Bukyiende,Bukyiende
NAME_3,UGA,Mbale,Bungokho,Bungokho-Mutoto,Bungokho-Mutoto,Bungokho-Mutoto
NAME_3,UGA,Mbale,Bungokho,Bungokho,Bungokho,Bungokho
NAME_3,UGA,Mbale,Bungokho,Busano,Busano,Busano
NAME_3,UGA,Mbale,Bungokho,Busiu,Busiu,Busiu
NAME_3,UGA,Mbale,Bungokho,Busoba,Busoba,Busoba
NAME_3,UGA,Mbale,Bungokho,Nakaloke,Nakaloke,Nakaloke
NAME_3,UGA,Mbale,Bungokho,Namanyonyi,Namanyonyi,Namanyonyi
NAME_3,UGA,Mbale,Bungokho,Wanale,Wanale,Wanale
NAME_3,UGA,Mbale,Manjiya,Bubiita,Bubiita,Bubiita
NAME_3,UGA,Mbale,Manjiya,Bududa,Bududa,Bududa
NAME_3,UGA,Mbale,Manjiya,Bukibokolo,Bukibokolo,Bukibokolo
NAME_3,UGA,Mbale,Manjiya,Bukigai,Bukigai,Bukigai
NAME_3,UGA,Mbale,Manjiya,Bulucheke,Bulucheke,Bulucheke
NAME_3,UGA,Mbale,Manjiya,Bumayoka,Bumayoka,Bumayoka
NAME_3,UGA,Mbale,Manjiya,Bushika,Bushika,Bushika
NAME_3,UGA,Mbale,Mbale,Industrial,Industrial,Industrial
NAME_3,UGA,Mbale,Mbale,Northern_Division,Northern_Division,Northern_Division
NAME_3,UGA,Mbale,Mbale,Wanale_Division,Wanale_Division,Wanale_Division
NAME_3,UGA,Mbarara,Bukanga,Endinzi,Endinzi,Endinzi
NAME_3,UGA,Mbarara,Bukanga,Kashumba,Kashumba,Kashumba
NAME_3,UGA,Mbarara,Bukanga,Ngarama,Ngarama,Ngarama
NAME_3,UGA,Mbarara,Bukanga,Rugaaga,Rugaaga,Rugaaga
NAME_3,UGA,Mbarara,Ibanda,Bisheshe,Bisheshe,Bisheshe
NAME_3,UGA,Mbarara,Ibanda,Ibanda_Tc,Ibanda_Tc,Ibanda_Tc
NAME_3,UGA,Mbarara,Ibanda,Ishongororo,Ishongororo,Ishongororo
NAME_3,UGA,Mbarara,Ibanda,Kicuzi,Kicuzi,Kicuzi
NAME_3,UGA,Mbarara,Ibanda,Kikyenkye,Kikyenkye,Kikyenkye
NAME_3,UGA,Mbarara,Ibanda,Nyabuhikye,Nyabuhikye,Nyabuhikye
NAME_3,UGA,Mbarara,Ibanda,Nyamarebe,Nyamarebe,Nyamarebe
NAME_3,UGA,Mbarara,Ibanda,Rukiri,Rukiri,Rukiri
NAME_3,UGA,Mbarara,Isingiro,Birere,Birere,Birere
NAME_3,UGA,Mbarara,Isingiro,Kabingo,Kabingo,Kabingo
NAME_3,UGA,Mbarara,Isingiro,Kabuyanda,Kabuyanda,Kabuyanda
NAME_3,UGA,Mbarara,Isingiro,Kikagate,Kikagate,Kikagate
NAME_3,UGA,Mbarara,Isingiro,Masha,Masha,Masha
NAME_3,UGA,Mbarara,Isingiro,Nyakitunda,Nyakitunda,Nyakitunda
NAME_3,UGA,Mbarara,Kashari,Bubaare,Bubaare,Bubaare
NAME_3,UGA,Mbarara,Kashari,Bukiro,Bukiro,Bukiro
NAME_3,UGA,Mbarara,Kashari,Kagongi,Kagongi,Kagongi
NAME_3,UGA,Mbarara,Kashari,Kakiika,Kakiika,Kakiika
NAME_3,UGA,Mbarara,Kashari,Kashare,Kashare,Kashare
NAME_3,UGA,Mbarara,Kashari,Rubaya,Rubaya,Rubaya
NAME_3,UGA,Mbarara,Kashari,Rubindi,Rubindi,Rubindi
NAME_3,UGA,Mbarara,Kashari,Rwanyamahembe,Rwanyamahembe,Rwanyamahembe
NAME_3,UGA,Mbarara,Kazo,Buremba,Buremba,Buremba
NAME_3,UGA,Mbarara,Kazo,Burunga,Burunga,Burunga
NAME_3,UGA,Mbarara,Kazo,Kanoni,Kanoni,Kanoni
NAME_3,UGA,Mbarara,Kazo,Kazo,Kazo,Kazo
NAME_3,UGA,Mbarara,Kazo,Rwemikoma,Rwemikoma,Rwemikoma
NAME_3,UGA,Mbarara,Mbarara,Kakoba,Kakoba,Kakoba
NAME_3,UGA,Mbarara,Mbarara,Kamukuzi,Kamukuzi,Kamukuzi
NAME_3,UGA,Mbarara,Mbarara,Nyamitanga,Nyamitanga,Nyamitanga
NAME_3,UGA,Mbarara,Nyabushozi,Kanyaryeru,Kanyaryeru,Kanyaryeru
NAME_3,UGA,Mbarara,Nyabushozi,Kashongi,Kashongi,Kashongi
NAME_3,UGA,Mbarara,Nyabushozi,Kenshunga,Kenshunga,Kenshunga
NAME_3,UGA,Mbarara,Nyabushozi,Kikatsi,Kikatsi,Kikatsi
NAME_3,UGA,Mbarara,Nyabushozi,Kinoni,Kinoni,Kinoni
NAME_3,UGA,Mbarara,Nyabushozi,Nyakashashara,Nyakashashara,Nyakashashara
NAME_3,UGA,Mbarara,Nyabushozi,Sanga,Sanga,Sanga
NAME_3,UGA,Mbarara,Rwampara,Bugamba,Bugamba,Bugamba
NAME_3,UGA,Mbarara,Rwampara,Mwizi,Mwizi,Mwizi
NAME_3,UGA,Mbarara,Rwampara,Ndaija,Ndaija,Ndaija
NAME_3,UGA,Mbarara,Rwampara,Nyakayojo,Nyakayojo,Nyakayojo
NAME_3,UGA,Mbarara,Rwampara,Rugando,Rugando,Rugando
NAME_3,UGA,Moroto,Bokora,Iriiri,Iriiri,Iriiri
NAME_3,UGA,Moroto,Bokora,Lokopo,Lokopo,Lokopo
NAME_3,UGA,Moroto,Bokora,Lopei,Lopei,Lopei
NAME_3,UGA,Moroto,Bokora,Lotome,Lotome,Lotome
NAME_3,UGA,Moroto,Bokora,Matany,Matany,Matany
NAME_3,UGA,Moroto,Bokora,Ngoleriet,Ngoleriet,Ngoleriet
NAME_3,UGA,Moroto,Matheniko,Katikekile,Katikekile,Katikekile
NAME_3,UGA,Moroto,Matheniko,Nadunget,Nadunget,Nadunget
NAME_3,UGA,Moroto,Matheniko,Rupa,Rupa,Rupa
NAME_3,UGA,Moroto,Moroto,Northern_Division,Northern_Division,Northern_Division
NAME_3,UGA,Moroto,Moroto,Southern_Division,Southern_Division,Southern_Division
NAME_3,UGA,Moyo,Obongi,Aliba,Aliba,Aliba
NAME_3,UGA,Moyo,Obongi,Gimara,Gimara,Gimara
NAME_3,UGA,Moyo,Obongi,Itula,Itula,Itula
NAME_3,UGA,Moyo,West_Moyo,Dufile,Dufile,Dufile
NAME_3,UGA,Moyo,West_Moyo,Lefori,Lefori,Lefori
NAME_3,UGA,Moyo,West_Moyo,Metu,Metu,Metu
NAME_3,UGA,Moyo,West_Moyo,Moyo_Tc,Moyo_Tc,Moyo_Tc
NAME_3,UGA,Moyo,West_Moyo,Moyo,Moyo,Moyo
NAME_3,UGA,Mpigi,Butambala,Budde,Budde,Budde
NAME_3,UGA,Mpigi,Butambala,Bulo,Bulo,Bulo
NAME_3,UGA,Mpigi,Butambala,Kalamba,Kalamba,Kalamba
NAME_3,UGA,Mpigi,Butambala,Kibibi,Kibibi,Kibibi
NAME_3,UGA,Mpigi,Butambala,Ngando,Ngando,Ngando
NAME_3,UGA,Mpigi,Gomba,Kabulasoke,Kabulasoke,Kabulasoke
NAME_3,UGA,Mpigi,Gomba,Kyegonza,Kyegonza,Kyegonza
NAME_3,UGA,Mpigi,Gomba,Maddu,Maddu,Maddu
NAME_3,UGA,Mpigi,Gomba,Mpenja,Mpenja,Mpenja
NAME_3,UGA,Mpigi,Mawokota,Buwama,Buwama,Buwama
NAME_3,UGA,Mpigi,Mawokota,Kamengo,Kamengo,Kamengo
NAME_3,UGA,Mpigi,Mawokota,Kiringente,Kiringente,Kiringente
NAME_3,UGA,Mpigi,Mawokota,Kituntu,Kituntu,Kituntu
NAME_3,UGA,Mpigi,Mawokota,Mpigi_Tc,Mpigi_Tc,Mpigi_Tc
NAME_3,UGA,Mpigi,Mawokota,Mpigi,Mpigi,Mpigi
NAME_3,UGA,Mpigi,Mawokota,Muduma,Muduma,Muduma
NAME_3,UGA,Mpigi,Mawokota,Nkozi,Nkozi,Nkozi
NAME_3,UGA,Mubende,Busujju,Butayunja,Butayunja,Butayunja
NAME_3,UGA,Mubende,Busujju,Kakindu,Kakindu,Kakindu
NAME_3,UGA,Mubende,Busujju,Maanyi,Maanyi,Maanyi
NAME_3,UGA,Mubende,Busujju,Malangala,Malangala,Malangala
NAME_3,UGA,Mubende,Buwekula,Bagezza,Bagezza,Bagezza
NAME_3,UGA,Mubende,Buwekula,Butoloogo,Butoloogo,Butoloogo
NAME_3,UGA,Mubende,Buwekula,Kasambya,Kasambya,Kasambya
NAME_3,UGA,Mubende,Buwekula,Kitenga,Kitenga,Kitenga
NAME_3,UGA,Mubende,Buwekula,Kiyuni,Kiyuni,Kiyuni
NAME_3,UGA,Mubende,Buwekula,Madudu,Madudu,Madudu
NAME_3,UGA,Mubende,Buwekula,Mubende_Tc,Mubende_Tc,Mubende_Tc
NAME_3,UGA,Mubende,Kassanda,Bukuya,Bukuya,Bukuya
NAME_3,UGA,Mubende,Kassanda,Kassanda,Kassanda,Kassanda
NAME_3,UGA,Mubende,Kassanda,Kiganda,Kiganda,Kiganda
NAME_3,UGA,Mubende,Kassanda,Myanzi,Myanzi,Myanzi
NAME_3,UGA,Mubende,Mityana,Bulera,Bulera,Bulera
NAME_3,UGA,Mubende,Mityana,Busimbi,Busimbi,Busimbi
NAME_3,UGA,Mubende,Mityana,Kikandwa,Kikandwa,Kikandwa
NAME_3,UGA,Mubende,Mityana,Mityana_Tc,Mityana_Tc,Mityana_Tc
NAME_3,UGA,Mubende,Mityana,Ssekanyonyi,Ssekanyonyi,Ssekanyonyi
NAME_3,UGA,Mukono,Buikwe,Buikwe,Buikwe,Buikwe
NAME_3,UGA,Mukono,Buikwe,Kawolo,Kawolo,Kawolo
NAME_3,UGA,Mukono,Buikwe,Lugazi_Tc,Lugazi_Tc,Lugazi_Tc
NAME_3,UGA,Mukono,Buikwe,Najja,Najja,Najja
NAME_3,UGA,Mukono,Buikwe,Najjembe,Najjembe,Najjembe
NAME_3,UGA,Mukono,Buikwe,Ngogwe,Ngogwe,Ngogwe
NAME_3,UGA,Mukono,Buikwe,Njeru_Tc,Njeru_Tc,Njeru_Tc
NAME_3,UGA,Mukono,Buikwe,Nkonkonjeru_Tc,Nkonkonjeru_Tc,Nkonkonjeru_Tc
NAME_3,UGA,Mukono,Buikwe,Nyenga,Nyenga,Nyenga
NAME_3,UGA,Mukono,Buikwe,Ssi-Bukunja,Ssi-Bukunja,Ssi-Bukunja
NAME_3,UGA,Mukono,Buikwe,Wakisi,Wakisi,Wakisi
NAME_3,UGA,Mukono,Buvuma_Islands,Bugaya,Bugaya,Bugaya
NAME_3,UGA,Mukono,Buvuma_Islands,Busamuzi,Busamuzi,Busamuzi
NAME_3,UGA,Mukono,Buvuma_Islands,Bwema,Bwema,Bwema
NAME_3,UGA,Mukono,Buvuma_Islands,Nairambi,Nairambi,Nairambi
NAME_3,UGA,Mukono,Mukono,Goma,Goma,Goma
NAME_3,UGA,Mukono,Mukono,Kkome_Islands,Kkome_Islands,Kkome_Islands
NAME_3,UGA,Mukono,Mukono,Kyampisi,Kyampisi,Kyampisi
NAME_3,UGA,Mukono,Mukono,Mukono_Tc,Mukono_Tc,Mukono_Tc
NAME_3,UGA,Mukono,Mukono,Nakisunga,Nakisunga,Nakisunga
NAME_3,UGA,Mukono,Mukono,Nama,Nama,Nama
NAME_3,UGA,Mukono,Mukono,Ntenjeru,Ntenjeru,Ntenjeru
NAME_3,UGA,Mukono,Nakifuma,Kasawo,Kasawo,Kasawo
NAME_3,UGA,Mukono,Nakifuma,Kimenyedde,Kimenyedde,Kimenyedde
NAME_3,UGA,Mukono,Nakifuma,Nabaale,Nabaale,Nabaale
NAME_3,UGA,Mukono,Nakifuma,Nagojje,Nagojje,Nagojje
NAME_3,UGA,Mukono,Nakifuma,Ntunda,Ntunda,Ntunda
NAME_3,UGA,Mukono,Nakifuma,Seeta-Namuganga,Seeta-Namuganga,Seeta-Namuganga
NAME_3,UGA,Nakapiripirit,Chekwii,Kakomongole,Kakomongole,Kakomongole
NAME_3,UGA,Nakapiripirit,Chekwii,Moruita,Moruita,Moruita
NAME_3,UGA,Nakapiripirit,Chekwii,Nakapiripirit_T.C.,Nakapiripirit_T.C.,Nakapiripirit_T.C.
NAME_3,UGA,Nakapiripirit,Chekwii,Namalu,Namalu,Namalu
NAME_3,UGA,Nakapiripirit,Pian,Lolachat,Lolachat,Lolachat
NAME_3,UGA,Nakapiripirit,Pian,Lorengedwat,Lorengedwat,Lorengedwat
NAME_3,UGA,Nakapiripirit,Pian,Nabilatuk,Nabilatuk,Nabilatuk
NAME_3,UGA,Nakapiripirit,Pokot,Amudat,Amudat,Amudat
NAME_3,UGA,Nakapiripirit,Pokot,Karita,Karita,Karita
NAME_3,UGA,Nakapiripirit,Pokot,Loroo,Loroo,Loroo
NAME_3,UGA,Nakasongola,Buruli,Kakooge,Kakooge,Kakooge
NAME_3,UGA,Nakasongola,Buruli,Kalongo,Kalongo,Kalongo
NAME_3,UGA,Nakasongola,Buruli,Kalungi,Kalungi,Kalungi
NAME_3,UGA,Nakasongola,Buruli,Lwabyata,Lwabyata,Lwabyata
NAME_3,UGA,Nakasongola,Buruli,Lwampanga,Lwampanga,Lwampanga
NAME_3,UGA,Nakasongola,Buruli,Nabiswera,Nabiswera,Nabiswera
NAME_3,UGA,Nakasongola,Buruli,Nakasongola_Tc,Nakasongola_Tc,Nakasongola_Tc
NAME_3,UGA,Nakasongola,Buruli,Nakitoma,Nakitoma,Nakitoma
NAME_3,UGA,Nakasongola,Buruli,Wabinyonyi,Wabinyonyi,Wabinyonyi
NAME_3,UGA,Nebbi,Jonam,Pakwach_Tc,Pakwach_Tc,Pakwach_Tc
NAME_3,UGA,Nebbi,Jonam,Pakwach,Pakwach,Pakwach
NAME_3,UGA,Nebbi,Jonam,Panyango,Panyango,Panyango
NAME_3,UGA,Nebbi,Jonam,Panyimur,Panyimur,Panyimur
NAME_3,UGA,Nebbi,Jonam,Wadelai,Wadelai,Wadelai
NAME_3,UGA,Nebbi,Okoro,Atyak,Atyak,Atyak
NAME_3,UGA,Nebbi,Okoro,Jangokoro,Jangokoro,Jangokoro
NAME_3,UGA,Nebbi,Okoro,Kango,Kango,Kango
NAME_3,UGA,Nebbi,Okoro,Nyapea,Nyapea,Nyapea
NAME_3,UGA,Nebbi,Okoro,Paidha_Tc,Paidha_Tc,Paidha_Tc
NAME_3,UGA,Nebbi,Okoro,Paidha,Paidha,Paidha
NAME_3,UGA,Nebbi,Okoro,Zeu,Zeu,Zeu
NAME_3,UGA,Nebbi,Padyere,Akworo,Akworo,Akworo
NAME_3,UGA,Nebbi,Padyere,Erussi,Erussi,Erussi
NAME_3,UGA,Nebbi,Padyere,Kucwiny,Kucwiny,Kucwiny
NAME_3,UGA,Nebbi,Padyere,Nebbi_Tc,Nebbi_Tc,Nebbi_Tc
NAME_3,UGA,Nebbi,Padyere,Nebbi,Nebbi,Nebbi
NAME_3,UGA,Nebbi,Padyere,Nyaravur,Nyaravur,Nyaravur
NAME_3,UGA,Nebbi,Padyere,Parombo,Parombo,Parombo
NAME_3,UGA,Ntungamo,Kajara,Bwongyera,Bwongyera,Bwongyera
NAME_3,UGA,Ntungamo,Kajara,Ihunga,Ihunga,Ihunga
NAME_3,UGA,Ntungamo,Kajara,Kibatsi,Kibatsi,Kibatsi
NAME_3,UGA,Ntungamo,Kajara,Nyabihoko,Nyabihoko,Nyabihoko
NAME_3,UGA,Ntungamo,Ruhaama,Itojo,Itojo,Itojo
NAME_3,UGA,Ntungamo,Ruhaama,Ntungamo_Tc,Ntungamo_Tc,Ntungamo_Tc
NAME_3,UGA,Ntungamo,Ruhaama,Ntungamo,Ntungamo,Ntungamo
NAME_3,UGA,Ntungamo,Ruhaama,Nyakyera,Nyakyera,Nyakyera
NAME_3,UGA,Ntungamo,Ruhaama,Ruhaama,Ruhaama,Ruhaama
NAME_3,UGA,Ntungamo,Ruhaama,Rukoni,Rukoni,Rukoni
NAME_3,UGA,Ntungamo,Ruhaama,Rweikiniro,Rweikiniro,Rweikiniro
NAME_3,UGA,Ntungamo,Rushenyi,Kayonza,Kayonza,Kayonza
NAME_3,UGA,Ntungamo,Rushenyi,Ngoma,Ngoma,Ngoma
NAME_3,UGA,Ntungamo,Rushenyi,Rubaare,Rubaare,Rubaare
NAME_3,UGA,Ntungamo,Rushenyi,Rugarama,Rugarama,Rugarama
NAME_3,UGA,Pader,Agago,Adilang,Adilang,Adilang
NAME_3,UGA,Pader,Agago,Lapono,Lapono,Lapono
NAME_3,UGA,Pader,Agago,Lira_Palwo,Lira_Palwo,Lira_Palwo
NAME_3,UGA,Pader,Agago,Lukole,Lukole,Lukole
NAME_3,UGA,Pader,Agago,Omot,Omot,Omot
NAME_3,UGA,Pader,Agago,Paimol,Paimol,Paimol
NAME_3,UGA,Pader,Agago,Parabongo,Parabongo,Parabongo
NAME_3,UGA,Pader,Agago,Patongo,Patongo,Patongo
NAME_3,UGA,Pader,Agago,Wol,Wol,Wol
NAME_3,UGA,Pader,Aruu,Acholibur,Acholibur,Acholibur
NAME_3,UGA,Pader,Aruu,Atanga,Atanga,Atanga
NAME_3,UGA,Pader,Aruu,Awere,Awere,Awere
NAME_3,UGA,Pader,Aruu,Kilak,Kilak,Kilak
NAME_3,UGA,Pader,Aruu,Laguti,Laguti,Laguti
NAME_3,UGA,Pader,Aruu,Lapul,Lapul,Lapul
NAME_3,UGA,Pader,Aruu,Pader_T.C.,Pader_T.C.,Pader_T.C.
NAME_3,UGA,Pader,Aruu,Pajule,Pajule,Pajule
NAME_3,UGA,Pader,Aruu,Puranga,Puranga,Puranga
NAME_3,UGA,Pallisa,Budaka,Budaka,Budaka,Budaka
NAME_3,UGA,Pallisa,Budaka,Iki-Iki,Iki-Iki,Iki-Iki
NAME_3,UGA,Pallisa,Budaka,Kaderuna,Kaderuna,Kaderuna
NAME_3,UGA,Pallisa,Budaka,Kameruka,Kameruka,Kameruka
NAME_3,UGA,Pallisa,Budaka,Kamonkoli,Kamonkoli,Kamonkoli
NAME_3,UGA,Pallisa,Budaka,Lyama,Lyama,Lyama
NAME_3,UGA,Pallisa,Budaka,Naboa,Naboa,Naboa
NAME_3,UGA,Pallisa,Butebo,Butebo,Butebo,Butebo
NAME_3,UGA,Pallisa,Butebo,Kabwangasi,Kabwangasi,Kabwangasi
NAME_3,UGA,Pallisa,Butebo,Kakoro,Kakoro,Kakoro
NAME_3,UGA,Pallisa,Butebo,Kibale,Kibale,Kibale
NAME_3,UGA,Pallisa,Butebo,Petete,Petete,Petete
NAME_3,UGA,Pallisa,Kibuku,Bulangira,Bulangira,Bulangira
NAME_3,UGA,Pallisa,Kibuku,Buseta,Buseta,Buseta
NAME_3,UGA,Pallisa,Kibuku,Kadama,Kadama,Kadama
NAME_3,UGA,Pallisa,Kibuku,Kagumu,Kagumu,Kagumu
NAME_3,UGA,Pallisa,Kibuku,Kibuku,Kibuku,Kibuku
NAME_3,UGA,Pallisa,Kibuku,Kirika,Kirika,Kirika
NAME_3,UGA,Pallisa,Kibuku,Tirinyi,Tirinyi,Tirinyi
NAME_3,UGA,Pallisa,Pallisa,Agule,Agule,Agule
NAME_3,UGA,Pallisa,Pallisa,Apopong,Apopong,Apopong
NAME_3,UGA,Pallisa,Pallisa,Gogonyo,Gogonyo,Gogonyo
NAME_3,UGA,Pallisa,Pallisa,Kameke,Kameke,Kameke
NAME_3,UGA,Pallisa,Pallisa,Kamuge,Kamuge,Kamuge
NAME_3,UGA,Pallisa,Pallisa,Kasodo,Kasodo,Kasodo
NAME_3,UGA,Pallisa,Pallisa,Pallisa_Tc,Pallisa_Tc,Pallisa_Tc
NAME_3,UGA,Pallisa,Pallisa,Pallisa,Pallisa,Pallisa
NAME_3,UGA,Pallisa,Pallisa,Puti-Puti,Puti-Puti,Puti-Puti
NAME_3,UGA,Rakai,Kabula,Kaliiro,Kaliiro,Kaliiro
NAME_3,UGA,Rakai,Kabula,Kasagama,Kasagama,Kasagama
NAME_3,UGA,Rakai,Kabula,Kinuuka,Kinuuka,Kinuuka
NAME_3,UGA,Rakai,Kabula,Lyantonde_Tc,Lyantonde_Tc,Lyantonde_Tc
NAME_3,UGA,Rakai,Kabula,Lyantonde,Lyantonde,Lyantonde
NAME_3,UGA,Rakai,Kabula,Mpumudde,Mpumudde,Mpumudde
NAME_3,UGA,Rakai,Kakuuto,Kakuuto,Kakuuto,Kakuuto
NAME_3,UGA,Rakai,Kakuuto,Kasasa,Kasasa,Kasasa
NAME_3,UGA,Rakai,Kakuuto,Kibanda,Kibanda,Kibanda
NAME_3,UGA,Rakai,Kakuuto,Kitumba,Kitumba,Kitumba
NAME_3,UGA,Rakai,Kakuuto,Kyebe,Kyebe,Kyebe
NAME_3,UGA,Rakai,Kooki,Byakabanda,Byakabanda,Byakabanda
NAME_3,UGA,Rakai,Kooki,Ddwaniro,Ddwaniro,Ddwaniro
NAME_3,UGA,Rakai,Kooki,Kacheera,Kacheera,Kacheera
NAME_3,UGA,Rakai,Kooki,Kagamba,Kagamba,Kagamba
NAME_3,UGA,Rakai,Kooki,Kakuuto,Kakuuto,Kakuuto
NAME_3,UGA,Rakai,Kooki,Kyalulangira,Kyalulangira,Kyalulangira
NAME_3,UGA,Rakai,Kooki,Lwamaggwa,Lwamaggwa,Lwamaggwa
NAME_3,UGA,Rakai,Kooki,Lwanda,Lwanda,Lwanda
NAME_3,UGA,Rakai,Kooki,Rakai_Tc,Rakai_Tc,Rakai_Tc
NAME_3,UGA,Rakai,Kyotera,Kabira,Kabira,Kabira
NAME_3,UGA,Rakai,Kyotera,Kalisizo,Kalisizo,Kalisizo
NAME_3,UGA,Rakai,Kyotera,Kasaali,Kasaali,Kasaali
NAME_3,UGA,Rakai,Kyotera,Kirumba,Kirumba,Kirumba
NAME_3,UGA,Rakai,Kyotera,Kyotera_Tc,Kyotera_Tc,Kyotera_Tc
NAME_3,UGA,Rakai,Kyotera,Lwankoni,Lwankoni,Lwankoni
NAME_3,UGA,Rakai,Kyotera,Nabigasa,Nabigasa,Nabigasa
NAME_3,UGA,Rukungiri,Bufumbira,Bugangari,Bugangari,Bugangari
NAME_3,UGA,Rukungiri,Bufumbira,Buhunga,Buhunga,Buhunga
NAME_3,UGA,Rukungiri,Bufumbira,Bwambara,Bwambara,Bwambara
NAME_3,UGA,Rukungiri,Bufumbira,Kagunga,Kagunga,Kagunga
NAME_3,UGA,Rukungiri,Bufumbira,Nyakagyeme,Nyakagyeme,Nyakagyeme
NAME_3,UGA,Rukungiri,Bufumbira,Ruhinda,Ruhinda,Ruhinda
NAME_3,UGA,Rukungiri,Bufumbira,Rukungiri_Tc,Rukungiri_Tc,Rukungiri_Tc
NAME_3,UGA,Rukungiri,Rubabo,Buyanja,Buyanja,Buyanja
NAME_3,UGA,Rukungiri,Rubabo,Kebisoni,Kebisoni,Kebisoni
NAME_3,UGA,Rukungiri,Rubabo,Nyakishenyi,Nyakishenyi,Nyakishenyi
NAME_3,UGA,Rukungiri,Rubabo,Nyarushanje,Nyarushanje,Nyarushanje
NAME_3,UGA,Sembabule,Lwemiyaga,Lwemiyaga,Lwemiyaga,Lwemiyaga
NAME_3,UGA,Sembabule,Lwemiyaga,Ntusi,Ntusi,Ntusi
NAME_3,UGA,Sembabule,Mawogola,Lugusulu,Lugusulu,Lugusulu
NAME_3,UGA,Sembabule,Mawogola,Lwebitakuli,Lwebitakuli,Lwebitakuli
NAME_3,UGA,Sembabule,Mawogola,Mateete,Mateete,Mateete
NAME_3,UGA,Sembabule,Mawogola,Mijwala,Mijwala,Mijwala
NAME_3,UGA,Sembabule,Mawogola,Sembabule_Tc,Sembabule_Tc,Sembabule_Tc
NAME_3,UGA,Sironko,Budadiri,Buhugu,Buhugu,Buhugu
NAME_3,UGA,Sironko,Budadiri,Bukhulo,Bukhulo,Bukhulo
NAME_3,UGA,Sironko,Budadiri,Bumasifwa,Bumasifwa,Bumasifwa
NAME_3,UGA,Sironko,Budadiri,Busulani,Busulani,Busulani
NAME_3,UGA,Sironko,Budadiri,Butandiga,Butandiga,Butandiga
NAME_3,UGA,Sironko,Budadiri,Buteza,Buteza,Buteza
NAME_3,UGA,Sironko,Budadiri,Buwalasi,Buwalasi,Buwalasi
NAME_3,UGA,Sironko,Budadiri,Buyobo,Buyobo,Buyobo
NAME_3,UGA,Sironko,Budadiri,Sironko_Tc,Sironko_Tc,Sironko_Tc
NAME_3,UGA,Sironko,Budadiri,Zesui,Zesui,Zesui
NAME_3,UGA,Sironko,Bulambuli,Buginyanya,Buginyanya,Buginyanya
NAME_3,UGA,Sironko,Bulambuli,Bukhalu,Bukhalu,Bukhalu
NAME_3,UGA,Sironko,Bulambuli,Bulago,Bulago,Bulago
NAME_3,UGA,Sironko,Bulambuli,Bulegeni,Bulegeni,Bulegeni
NAME_3,UGA,Sironko,Bulambuli,Buluganya,Buluganya,Buluganya
NAME_3,UGA,Sironko,Bulambuli,Bunambutye,Bunambutye,Bunambutye
NAME_3,UGA,Sironko,Bulambuli,Masiira,Masiira,Masiira
NAME_3,UGA,Sironko,Bulambuli,Muyembe,Muyembe,Muyembe
NAME_3,UGA,Sironko,Bulambuli,Sisiyi,Sisiyi,Sisiyi
NAME_3,UGA,Sironko,Mt._Elgon_Np,Mt._Elgon_Np,Mt._Elgon_Np,Mt._Elgon_Np
NAME_3,UGA,Soroti,Kasilo,Bugondo,Bugondo,Bugondo
NAME_3,UGA,Soroti,Kasilo,Kadungulu,Kadungulu,Kadungulu
NAME_3,UGA,Soroti,Kasilo,Pingire,Pingire,Pingire
NAME_3,UGA,Soroti,Serere,Atiira,Atiira,Atiira
NAME_3,UGA,Soroti,Serere,Kateta,Kateta,Kateta
NAME_3,UGA,Soroti,Serere,Kyere,Kyere,Kyere
NAME_3,UGA,Soroti,Serere,Olio,Olio,Olio
NAME_3,UGA,Soroti,Soroti,Arapai,Arapai,Arapai
NAME_3,UGA,Soroti,Soroti,Asuret,Asuret,Asuret
NAME_3,UGA,Soroti,Soroti,Eastern_Division,Eastern_Division,Eastern_Division
NAME_3,UGA,Soroti,Soroti,Gweri,Gweri,Gweri
NAME_3,UGA,Soroti,Soroti,Kamuda,Kamuda,Kamuda
NAME_3,UGA,Soroti,Soroti,Katine,Katine,Katine
NAME_3,UGA,Soroti,Soroti,Northern_Division,Northern_Division,Northern_Division
NAME_3,UGA,Soroti,Soroti,Soroti,Soroti,Soroti
NAME_3,UGA,Soroti,Soroti,Tubur,Tubur,Tubur
NAME_3,UGA,Soroti,Soroti,Western_Division,Western_Division,Western_Division
NAME_3,UGA,Tororo,Bunyole,Budumba,Budumba,Budumba
NAME_3,UGA,Tororo,Bunyole,Busaba,Busaba,Busaba
NAME_3,UGA,Tororo,Bunyole,Busolwe,Busolwe,Busolwe
NAME_3,UGA,Tororo,Bunyole,Butaleja,Butaleja,Butaleja
NAME_3,UGA,Tororo,Bunyole,Kachonga,Kachonga,Kachonga
NAME_3,UGA,Tororo,Bunyole,Nawanjofu,Nawanjofu,Nawanjofu
NAME_3,UGA,Tororo,Bunyole,Nazimasa,Nazimasa,Nazimasa
NAME_3,UGA,Tororo,Kisoko_(West_Budama),Iyolwa,Iyolwa,Iyolwa
NAME_3,UGA,Tororo,Kisoko_(West_Budama),Kirewa,Kirewa,Kirewa
NAME_3,UGA,Tororo,Kisoko_(West_Budama),Kisoko,Kisoko,Kisoko
NAME_3,UGA,Tororo,Kisoko_(West_Budama),Mulanda,Mulanda,Mulanda
NAME_3,UGA,Tororo,Kisoko_(West_Budama),Nabuyoga,Nabuyoga,Nabuyoga
NAME_3,UGA,Tororo,Kisoko_(West_Budama),Nagongera,Nagongera,Nagongera
NAME_3,UGA,Tororo,Kisoko_(West_Budama),Paya,Paya,Paya
NAME_3,UGA,Tororo,Kisoko_(West_Budama),Petta,Petta,Petta
NAME_3,UGA,Tororo,Kisoko_(West_Budama),Rubongi,Rubongi,Rubongi
NAME_3,UGA,Tororo,Tororo,Eastern_Divisioni,Eastern_Divisioni,Eastern_Divisioni
NAME_3,UGA,Tororo,Tororo,Kwapa,Kwapa,Kwapa
NAME_3,UGA,Tororo,Tororo,Mella,Mella,Mella
NAME_3,UGA,Tororo,Tororo,Merikit,Merikit,Merikit
NAME_3,UGA,Tororo,Tororo,Molo,Molo,Molo
NAME_3,UGA,Tororo,Tororo,Mukuju,Mukuju,Mukuju
NAME_3,UGA,Tororo,Tororo,Osukuru,Osukuru,Osukuru
NAME_3,UGA,Tororo,Tororo,Western_Divisioni,Western_Divisioni,Western_Divisioni
NAME_3,UGA,Wakiso,Busiiro,Kakiri,Kakiri,Kakiri
NAME_3,UGA,Wakiso,Busiiro,Kasanje,Kasanje,Kasanje
NAME_3,UGA,Wakiso,Busiiro,Katabi-Entebbe,Katabi-Entebbe,Katabi-Entebbe
NAME_3,UGA,Wakiso,Busiiro,Masulita,Masulita,Masulita
NAME_3,UGA,Wakiso,Busiiro,Namayumba,Namayumba,Namayumba
NAME_3,UGA,Wakiso,Busiiro,Nsangi,Nsangi,Nsangi
NAME_3,UGA,Wakiso,Busiiro,Ssisa,Ssisa,Ssisa
NAME_3,UGA,Wakiso,Busiiro,Wakiso_Tc,Wakiso_Tc,Wakiso_Tc
NAME_3,UGA,Wakiso,Busiiro,Wakiso,Wakiso,Wakiso
NAME_3,UGA,Wakiso,Entebbe,Division_A,Division_A,Division_A
NAME_3,UGA,Wakiso,Entebbe,Division_B,Division_B,Division_B
NAME_3,UGA,Wakiso,Jinja,Busukuma,Busukuma,Busukuma
NAME_3,UGA,Wakiso,Jinja,Gombe,Gombe,Gombe
NAME_3,UGA,Wakiso,Jinja,Kira,Kira,Kira
NAME_3,UGA,Wakiso,Jinja,Nabweru,Nabweru,Nabweru
NAME_3,UGA,Wakiso,Jinja,Nangabo,Nangabo,Nangabo
NAME_3,UGA,Wakiso,Jinja,Ssabagabo-Makindye,Ssabagabo-Makindye,Ssabagabo-Makindye
NAME_3,UGA,Yumbe,Aringa,Apo,Apo,Apo
NAME_3,UGA,Yumbe,Aringa,Drajani,Drajani,Drajani
NAME_3,UGA,Yumbe,Aringa,Kei,Kei,Kei
NAME_3,UGA,Yumbe,Aringa,Kuru,Kuru,Kuru
NAME_3,UGA,Yumbe,Aringa,Midigo,Midigo,Midigo
NAME_3,UGA,Yumbe,Aringa,Odravu,Odravu,Odravu
NAME_3,UGA,Yumbe,Aringa,Romogi,Romogi,Romogi
NAME_3,UGA,Yumbe,Aringa,Yumbe_Tc,Yumbe_Tc,Yumbe_Tc
NAME_3,COD,Equateur,Equateur,Basankusu,Basankusu,Basankusu
NAME_3,COD,Equateur,Equateur,Bikoro,Bikoro,Bikoro
NAME_3,COD,Equateur,Equateur,Bolomba,Bolomba,Bolomba
NAME_3,COD,Equateur,Equateur,Bomongo,Bomongo,Bomongo
NAME_3,COD,Equateur,Equateur,Ingende,Ingende,Ingende
NAME_3,COD,Equateur,Equateur,Lukolela,Lukolela,Lukolela
NAME_3,COD,Equateur,Equateur,Makanza,Makanza,Makanza
NAME_3,COD,Equateur,Mbandaka,Mbandaka,Mbandaka,Mbandaka
NAME_3,COD,Equateur,Mongala,Bongandanga,Bongandanga,Bongandanga
NAME_3,COD,Equateur,Mongala,Bumba,Bumba,Bumba
NAME_3,COD,Equateur,Mongala,Lisala,Lisala,Lisala
NAME_3,COD,Equateur,Nord-Ubangi,Bosobolo,Bosobolo,Bosobolo
NAME_3,COD,Equateur,Nord-Ubangi,Businga,Businga,Businga
NAME_3,COD,Equateur,Nord-Ubangi,Mobayi-Mbongo,Mobayi-Mbongo,Mobayi-Mbongo
NAME_3,COD,Equateur,Nord-Ubangi,Yakoma,Yakoma,Yakoma
NAME_3,COD,Equateur,Sud-Ubangi,Budjala,Budjala,Budjala
NAME_3,COD,Equateur,Sud-Ubangi,Gemena,Gemena,Gemena
NAME_3,COD,Equateur,Sud-Ubangi,Kungu,Kungu,Kungu
NAME_3,COD,Equateur,Sud-Ubangi,Libenge_Zongo,Libenge_Zongo,Libenge_Zongo
NAME_3,COD,Equateur,Tshuapa,Befale,Befale,Befale
NAME_3,COD,Equateur,Tshuapa,Boende,Boende,Boende
NAME_3,COD,Equateur,Tshuapa,Bokungu,Bokungu,Bokungu
NAME_3,COD,Equateur,Tshuapa,Djolu,Djolu,Djolu
NAME_3,COD,Equateur,Tshuapa,Ikela,Ikela,Ikela
NAME_3,COD,Equateur,Tshuapa,Monkoto,Monkoto,Monkoto
NAME_3,COD,Bandundu,Bandundu,Bandundu,Bandundu,Bandundu
NAME_3,COD,Bandundu,Kwango,Feshi,Feshi,Feshi
NAME_3,COD,Bandundu,Kwango,Kahemba,Kahemba,Kahemba
NAME_3,COD,Bandundu,Kwango,Kasonga-Lunda,Kasonga-Lunda,Kasonga-Lunda
NAME_3,COD,Bandundu,Kwango,Kenge,Kenge,Kenge
NAME_3,COD,Bandundu,Kwango,Popokabaka,Popokabaka,Popokabaka
NAME_3,COD,Bandundu,Kwilu,Bagata,Bagata,Bagata
NAME_3,COD,Bandundu,Kwilu,Bulungu_Kikwit,Bulungu_Kikwit,Bulungu_Kikwit
NAME_3,COD,Bandundu,Kwilu,Gungu,Gungu,Gungu
NAME_3,COD,Bandundu,Kwilu,Idiofa,Idiofa,Idiofa
NAME_3,COD,Bandundu,Kwilu,Masi-Manimba,Masi-Manimba,Masi-Manimba
NAME_3,COD,Bandundu,Mai-Ndombe,Bolobo,Bolobo,Bolobo
NAME_3,COD,Bandundu,Mai-Ndombe,Inongo,Inongo,Inongo
NAME_3,COD,Bandundu,Mai-Ndombe,Kiri,Kiri,Kiri
NAME_3,COD,Bandundu,Mai-Ndombe,Kutu,Kutu,Kutu
NAME_3,COD,Bandundu,Mai-Ndombe,Mushie,Mushie,Mushie
NAME_3,COD,Bandundu,Mai-Ndombe,Oshwe,Oshwe,Oshwe
NAME_3,COD,Bas-Congo,Bas-Fleuve,Lukula,Lukula,Lukula
NAME_3,COD,Bas-Congo,Bas-Fleuve,Seke-Banza,Seke-Banza,Seke-Banza
NAME_3,COD,Bas-Congo,Bas-Fleuve,Tshela,Tshela,Tshela
NAME_3,COD,Bas-Congo,Boma,Boma,Boma,Boma
NAME_3,COD,Bas-Congo,Boma,Moanda,Moanda,Moanda
NAME_3,COD,Bas-Congo,Cataractes,Luozi,Luozi,Luozi
NAME_3,COD,Bas-Congo,Cataractes,Mbanza-Ngungu,Mbanza-Ngungu,Mbanza-Ngungu
NAME_3,COD,Bas-Congo,Cataractes,Songololo,Songololo,Songololo
NAME_3,COD,Bas-Congo,Lukaya,Kasangulu,Kasangulu,Kasangulu
NAME_3,COD,Bas-Congo,Lukaya,Kimvula,Kimvula,Kimvula
NAME_3,COD,Bas-Congo,Lukaya,Madimba,Madimba,Madimba
NAME_3,COD,Bas-Congo,Matadi,Matadi,Matadi,Matadi
NAME_3,COD,Kasai-Occidental,Kananga,Kananga,Kananga,Kananga
NAME_3,COD,Kasai-Occidental,Kasai,Dekese,Dekese,Dekese
NAME_3,COD,Kasai-Occidental,Kasai,Ilebo,Ilebo,Ilebo
NAME_3,COD,Kasai-Occidental,Kasai,Luebo,Luebo,Luebo
NAME_3,COD,Kasai-Occidental,Kasai,Mweka,Mweka,Mweka
NAME_3,COD,Kasai-Occidental,Kasai,Thikapa,Thikapa,Thikapa
NAME_3,COD,Kasai-Occidental,Lulua,Demba,Demba,Demba
NAME_3,COD,Kasai-Occidental,Lulua,Dibaya,Dibaya,Dibaya
NAME_3,COD,Kasai-Occidental,Lulua,Dimbelenge,Dimbelenge,Dimbelenge
NAME_3,COD,Kasai-Occidental,Lulua,Kazumba,Kazumba,Kazumba
NAME_3,COD,Kasai-Occidental,Lulua,Luiza,Luiza,Luiza
NAME_3,COD,Kasai-Oriental,Kabinda,Kabinda,Kabinda,Kabinda
NAME_3,COD,Kasai-Oriental,Kabinda,Kamiji,Kamiji,Kamiji
NAME_3,COD,Kasai-Oriental,Kabinda,Lubao,Lubao,Lubao
NAME_3,COD,Kasai-Oriental,Kabinda,Mwene-Ditu,Mwene-Ditu,Mwene-Ditu
NAME_3,COD,Kasai-Oriental,Kabinda,Ngandagika,Ngandagika,Ngandagika
NAME_3,COD,Kasai-Oriental,Mbuji-Mayi,Mbuji-Mayi,Mbuji-Mayi,Mbuji-Mayi
NAME_3,COD,Kasai-Oriental,Sankuru,Katako-Kombe,Katako-Kombe,Katako-Kombe
NAME_3,COD,Kasai-Oriental,Sankuru,Kole,Kole,Kole
NAME_3,COD,Kasai-Oriental,Sankuru,Lodja,Lodja,Lodja
NAME_3,COD,Kasai-Oriental,Sankuru,Lomela,Lomela,Lomela
NAME_3,COD,Kasai-Oriental,Sankuru,Lubefu,Lubefu,Lubefu
NAME_3,COD,Kasai-Oriental,Sankuru,Lusambo,Lusambo,Lusambo
NAME_3,COD,Kasai-Oriental,Tshilenge,Tshilenge,Tshilenge,Tshilenge
NAME_3,COD,Katanga,Haut-Lomami,Bukama,Bukama,Bukama
NAME_3,COD,Katanga,Haut-Lomami,Kabongo,Kabongo,Kabongo
NAME_3,COD,Katanga,Haut-Lomami,Kamina,Kamina,Kamina
NAME_3,COD,Katanga,Haut-Lomami,Kaniama,Kaniama,Kaniama
NAME_3,COD,Katanga,Haut-Lomami,Malemba-Nkulu,Malemba-Nkulu,Malemba-Nkulu
NAME_3,COD,Katanga,Haut-Shaba,Kambove_Likasi,Kambove_Likasi,Kambove_Likasi
NAME_3,COD,Katanga,Haut-Shaba,Kasenga,Kasenga,Kasenga
NAME_3,COD,Katanga,Haut-Shaba,Kipushi,Kipushi,Kipushi
NAME_3,COD,Katanga,Haut-Shaba,Mitwaba,Mitwaba,Mitwaba
NAME_3,COD,Katanga,Haut-Shaba,Pweto,Pweto,Pweto
NAME_3,COD,Katanga,Haut-Shaba,Sakania,Sakania,Sakania
NAME_3,COD,Katanga,Kolwezi,Lubudi,Lubudi,Lubudi
NAME_3,COD,Katanga,Kolwezi,Mutshatasha_Kolwezi,Mutshatasha_Kolwezi,Mutshatasha_Kolwezi
NAME_3,COD,Katanga,Lualaba,Dilolo,Dilolo,Dilolo
NAME_3,COD,Katanga,Lualaba,Kapanga,Kapanga,Kapanga
NAME_3,COD,Katanga,Lualaba,Sandoa,Sandoa,Sandoa
NAME_3,COD,Katanga,Lubumbashi,Lubumbashi,Lubumbashi,Lubumbashi
NAME_3,COD,Katanga,Tanganika,Kabalo,Kabalo,Kabalo
NAME_3,COD,Katanga,Tanganika,Kalemie,Kalemie,Kalemie
NAME_3,COD,Katanga,Tanganika,Kongolo,Kongolo,Kongolo
NAME_3,COD,Katanga,Tanganika,Manono,Manono,Manono
NAME_3,COD,Katanga,Tanganika,Moba,Moba,Moba
NAME_3,COD,Katanga,Tanganika,Nyunzu,Nyunzu,Nyunzu
NAME_3,COD,Kinshasa_City,Kinshasa,Kinshasa_Rural,Kinshasa_Rural,Kinshasa_Rural
NAME_3,COD,Kinshasa_City,Kinshasa,Kinshasa_Urban,Kinshasa_Urban,Kinshasa_Urban
NAME_3,COD,Kivu,Bukavu,Bukavu,Bukavu,Bukavu
NAME_3,COD,Kivu,Maniema,Kabambare,Kabambare,Kabambare
NAME_3,COD,Kivu,Maniema,Kasongo,Kasongo,Kasongo
NAME_3,COD,Kivu,Maniema,Kibombo,Kibombo,Kibombo
NAME_3,COD,Kivu,Maniema,Kindu,Kindu,Kindu
NAME_3,COD,Kivu,Maniema,Lubutu,Lubutu,Lubutu
NAME_3,COD,Kivu,Maniema,Pangi,Pangi,Pangi
NAME_3,COD,Kivu,Maniema,Punia,Punia,Punia
NAME_3,COD,Kivu,Nord-Kivu,Beni,Beni,Beni
NAME_3,COD,Kivu,Nord-Kivu,Goma,Goma,Goma
NAME_3,COD,Kivu,Nord-Kivu,Lubero,Lubero,Lubero
NAME_3,COD,Kivu,Nord-Kivu,Masisi,Masisi,Masisi
NAME_3,COD,Kivu,Nord-Kivu,Rutshuru,Rutshuru,Rutshuru
NAME_3,COD,Kivu,Nord-Kivu,Walikale,Walikale,Walikale
NAME_3,COD,Kivu,Sud-Kivu,Fizi,Fizi,Fizi
NAME_3,COD,Kivu,Sud-Kivu,Idjwi,Idjwi,Idjwi
NAME_3,COD,Kivu,Sud-Kivu,Kabare,Kabare,Kabare
NAME_3,COD,Kivu,Sud-Kivu,Kalehe,Kalehe,Kalehe
NAME_3,COD,Kivu,Sud-Kivu,Mwenga,Mwenga,Mwenga
NAME_3,COD,Kivu,Sud-Kivu,Shabunda,Shabunda,Shabunda
NAME_3,COD,Kivu,Sud-Kivu,Uvira,Uvira,Uvira
NAME_3,COD,Kivu,Sud-Kivu,Walungu,Walungu,Walungu
NAME_3,COD,Orientale,Bas-Uele,Aketi,Aketi,Aketi
NAME_3,COD,Orientale,Bas-Uele,Ango,Ango,Ango
NAME_3,COD,Orientale,Bas-Uele,Bambesa,Bambesa,Bambesa
NAME_3,COD,Orientale,Bas-Uele,Bondo,Bondo,Bondo
NAME_3,COD,Orientale,Bas-Uele,Buta,Buta,Buta
NAME_3,COD,Orientale,Bas-Uele,Polo,Polo,Polo
NAME_3,COD,Orientale,Haut-Uele,Dungu,Dungu,Dungu
NAME_3,COD,Orientale,Haut-Uele,Faradje,Faradje,Faradje
NAME_3,COD,Orientale,Haut-Uele,Niangara,Niangara,Niangara
NAME_3,COD,Orientale,Haut-Uele,Rungu,Rungu,Rungu
NAME_3,COD,Orientale,Haut-Uele,Wamba,Wamba,Wamba
NAME_3,COD,Orientale,Haut-Uele,Watsa,Watsa,Watsa
NAME_3,COD,Orientale,Ituri,Aru,Aru,Aru
NAME_3,COD,Orientale,Ituri,Djugu,Djugu,Djugu
NAME_3,COD,Orientale,Ituri,Irumu,Irumu,Irumu
NAME_3,COD,Orientale,Ituri,Mahagi,Mahagi,Mahagi
NAME_3,COD,Orientale,Ituri,Mambasa,Mambasa,Mambasa
NAME_3,COD,Orientale,Kisangani,Kisangani,Kisangani,Kisangani
NAME_3,COD,Orientale,Tshopo,Bafwasende,Bafwasende,Bafwasende
NAME_3,COD,Orientale,Tshopo,Banalia,Banalia,Banalia
NAME_3,COD,Orientale,Tshopo,Basoko,Basoko,Basoko
NAME_3,COD,Orientale,Tshopo,Isangi,Isangi,Isangi
NAME_3,COD,Orientale,Tshopo,Opala,Opala,Opala
NAME_3,COD,Orientale,Tshopo,Ubundu,Ubundu,Ubundu
NAME_3,COD,Orientale,Tshopo,Yohuma,Yohuma,Yohuma
NAME_3,UGA,Adjumani,East_Moyo,Other,Other,Other
NAME_3,UGA,Apac,Kole,Other,Other,Other
NAME_3,UGA,Apac,Kwania,Other,Other,Other
NAME_3,UGA,Apac,Maruzi,Other,Other,Other
NAME_3,UGA,Apac,Oyam,Other,Other,Other
NAME_3,UGA,Arua,Arua_Municipality,Other,Other,Other
NAME_3,UGA,Arua,Ayivu,Other,Other,Other
NAME_3,UGA,Arua,Koboko,Other,Other,Other
NAME_3,UGA,Arua,Madi-Okollo,Other,Other,Other
NAME_3,UGA,Arua,Maracha,Other,Other,Other
NAME_3,UGA,Arua,Terego,Other,Other,Other
NAME_3,UGA,Arua,Vurra,Other,Other,Other
NAME_3,UGA,Bugiri,Bukooli,Other,Other,Other
NAME_3,UGA,Bundibugyo,Bwamba,Other,Other,Other
NAME_3,UGA,Bundibugyo,Ntoroko,Other,Other,Other
NAME_3,UGA,Bushenyi,Buhweju,Other,Other,Other
NAME_3,UGA,Bushenyi,Bunyaruguru,Other,Other,Other
NAME_3,UGA,Bushenyi,Igara,Other,Other,Other
NAME_3,UGA,Bushenyi,Ruhinda,Other,Other,Other
NAME_3,UGA,Bushenyi,Sheema,Other,Other,Other
NAME_3,UGA,Busia,Samia-Bugwe,Other,Other,Other
NAME_3,UGA,Gulu,Aswa,Other,Other,Other
NAME_3,UGA,Gulu,Gulu,Other,Other,Other
NAME_3,UGA,Gulu,Kilak,Other,Other,Other
NAME_3,UGA,Gulu,Nwoya,Other,Other,Other
NAME_3,UGA,Gulu,Omoro,Other,Other,Other
NAME_3,UGA,Hoima,Bugahya,Other,Other,Other
NAME_3,UGA,Hoima,Buhaguzi,Other,Other,Other
NAME_3,UGA,Iganga,Bugweri,Other,Other,Other
NAME_3,UGA,Iganga,Busiki,Other,Other,Other
NAME_3,UGA,Iganga,Kigulu,Other,Other,Other
NAME_3,UGA,Iganga,Luuka,Other,Other,Other
NAME_3,UGA,Jinja,Butembe,Other,Other,Other
NAME_3,UGA,Jinja,Jinja,Other,Other,Other
NAME_3,UGA,Jinja,Kagoma,Other,Other,Other
NAME_3,UGA,Kabale,Kabale,Other,Other,Other
NAME_3,UGA,Kabale,Ndorwa,Other,Other,Other
NAME_3,UGA,Kabale,Rubanda,Other,Other,Other
NAME_3,UGA,Kabale,Rukiga,Other,Other,Other
NAME_3,UGA,Kabarole,Bunyangabu,Other,Other,Other
NAME_3,UGA,Kabarole,Burahya,Other,Other,Other
NAME_3,UGA,Kabarole,Fort_Portal,Other,Other,Other
NAME_3,UGA,Kaberamaido,Kaberamaido,Other,Other,Other
NAME_3,UGA,Kaberamaido,Kalaki,Other,Other,Other
NAME_3,UGA,Kalangala,Bujumba,Other,Other,Other
NAME_3,UGA,Kalangala,Kyamuswa,Other,Other,Other
NAME_3,UGA,Kampala,Kampala,Other,Other,Other
NAME_3,UGA,Kamuli,Budiope,Other,Other,Other
NAME_3,UGA,Kamuli,Bugabula,Other,Other,Other
NAME_3,UGA,Kamuli,Bulamogi,Other,Other,Other
NAME_3,UGA,Kamuli,Buzaaya,Other,Other,Other
NAME_3,UGA,Kamwenge,Kibale,Other,Other,Other
NAME_3,UGA,Kamwenge,Kitagwenda,Other,Other,Other
NAME_3,UGA,Kanungu,Kinkiizi,Other,Other,Other
NAME_3,UGA,Kapchorwa,Kongasis,Other,Other,Other
NAME_3,UGA,Kapchorwa,Kween,Other,Other,Other
NAME_3,UGA,Kapchorwa,Tingey,Other,Other,Other
NAME_3,UGA,Kasese,Bukonjo,Other,Other,Other
NAME_3,UGA,Kasese,Busongora,Other,Other,Other
NAME_3,UGA,Katakwi,Amuria,Other,Other,Other
NAME_3,UGA,Katakwi,Kapelebyong,Other,Other,Other
NAME_3,UGA,Katakwi,Usuk,Other,Other,Other
NAME_3,UGA,Kayunga,Bbaale,Other,Other,Other
NAME_3,UGA,Kayunga,Ntenjeru,Other,Other,Other
NAME_3,UGA,Kibale,Bugangaizi,Other,Other,Other
NAME_3,UGA,Kibale,Buyaga,Other,Other,Other
NAME_3,UGA,Kiboga,Kiboga,Other,Other,Other
NAME_3,UGA,Kisoro,Kisoro,Other,Other,Other
NAME_3,UGA,Kitgum,Chua,Other,Other,Other
NAME_3,UGA,Kitgum,Lamwo,Other,Other,Other
NAME_3,UGA,Kotido,Dodoth,Other,Other,Other
NAME_3,UGA,Kotido,Jie,Other,Other,Other
NAME_3,UGA,Kotido,Labwor,Other,Other,Other
NAME_3,UGA,Kumi,Bukedea,Other,Other,Other
NAME_3,UGA,Kumi,Kumi,Other,Other,Other
NAME_3,UGA,Kumi,Ngora,Other,Other,Other
NAME_3,UGA,Kyenjojo,Kyaka,Other,Other,Other
NAME_3,UGA,Kyenjojo,Mwenge,Other,Other,Other
NAME_3,UGA,Lake_Albert,Lake_Albert,Other,Other,Other
NAME_3,UGA,Lake_Victoria,Lake_Victoria,Other,Other,Other
NAME_3,UGA,Lira,Dokolo,Other,Other,Other
NAME_3,UGA,Lira,Erute,Other,Other,Other
NAME_3,UGA,Lira,Kyoga,Other,Other,Other
NAME_3,UGA,Lira,Lira,Other,Other,Other
NAME_3,UGA,Lira,Moroto,Other,Other,Other
NAME_3,UGA,Lira,Otuke,Other,Other,Other
NAME_3,UGA,Luwero,Bamunanika,Other,Other,Other
NAME_3,UGA,Luwero,Katikamu,Other,Other,Other
NAME_3,UGA,Luwero,Nakaseke,Other,Other,Other
NAME_3,UGA,Masaka,Bukomansimbi,Other,Other,Other
NAME_3,UGA,Masaka,Bukoto,Other,Other,Other
NAME_3,UGA,Masaka,Kalungu,Other,Other,Other
NAME_3,UGA,Masaka,Masaka,Other,Other,Other
NAME_3,UGA,Masindi,Bujenje,Other,Other,Other
NAME_3,UGA,Masindi,Buruli,Other,Other,Other
NAME_3,UGA,Masindi,Kibanda,Other,Other,Other
NAME_3,UGA,Mayuge,Bunya,Other,Other,Other
NAME_3,UGA,Mbale,Bubulo,Other,Other,Other
NAME_3,UGA,Mbale,Bungokho,Other,Other,Other
NAME_3,UGA,Mbale,Manjiya,Other,Other,Other
NAME_3,UGA,Mbale,Mbale,Other,Other,Other
NAME_3,UGA,Mbarara,Bukanga,Other,Other,Other
NAME_3,UGA,Mbarara,Ibanda,Other,Other,Other
NAME_3,UGA,Mbarara,Isingiro,Other,Other,Other
NAME_3,UGA,Mbarara,Kashari,Other,Other,Other
NAME_3,UGA,Mbarara,Kazo,Other,Other,Other
NAME_3,UGA,Mbarara,Mbarara,Other,Other,Other
NAME_3,UGA,Mbarara,Nyabushozi,Other,Other,Other
NAME_3,UGA,Mbarara,Rwampara,Other,Other,Other
NAME_3,UGA,Moroto,Bokora,Other,Other,Other
NAME_3,UGA,Moroto,Matheniko,Other,Other,Other
NAME_3,UGA,Moroto,Moroto,Other,Other,Other
NAME_3,UGA,Moyo,Obongi,Other,Other,Other
NAME_3,UGA,Moyo,West_Moyo,Other,Other,Other
NAME_3,UGA,Mpigi,Butambala,Other,Other,Other
NAME_3,UGA,Mpigi,Gomba,Other,Other,Other
NAME_3,UGA,Mpigi,Mawokota,Other,Other,Other
NAME_3,UGA,Mubende,Busujju,Other,Other,Other
NAME_3,UGA,Mubende,Buwekula,Other,Other,Other
NAME_3,UGA,Mubende,Kassanda,Other,Other,Other
NAME_3,UGA,Mubende,Mityana,Other,Other,Other
NAME_3,UGA,Mukono,Buikwe,Other,Other,Other
NAME_3,UGA,Mukono,Buvuma_Islands,Other,Other,Other
NAME_3,UGA,Mukono,Mukono,Other,Other,Other
NAME_3,UGA,Mukono,Nakifuma,Other,Other,Other
NAME_3,UGA,Nakapiripirit,Chekwii,Other,Other,Other
NAME_3,UGA,Nakapiripirit,Pian,Other,Other,Other
NAME_3,UGA,Nakapiripirit,Pokot,Other,Other,Other
NAME_3,UGA,Nakasongola,Buruli,Other,Other,Other
NAME_3,UGA,Nebbi,Jonam,Other,Other,Other
NAME_3,UGA,Nebbi,Okoro,Other,Other,Other
NAME_3,UGA,Nebbi,Padyere,Other,Other,Other
NAME_3,UGA,Ntungamo,Kajara,Other,Other,Other
NAME_3,UGA,Ntungamo,Ruhaama,Other,Other,Other
NAME_3,UGA,Ntungamo,Rushenyi,Other,Other,Other
NAME_3,UGA,Pader,Agago,Other,Other,Other
NAME_3,UGA,Pader,Aruu,Other,Other,Other
NAME_3,UGA,Pallisa,Budaka,Other,Other,Other
NAME_3,UGA,Pallisa,Butebo,Other,Other,Other
NAME_3,UGA,Pallisa,Kibuku,Other,Other,Other
NAME_3,UGA,Pallisa,Pallisa,Other,Other,Other
NAME_3,UGA,Rakai,Kabula,Other,Other,Other
NAME_3,UGA,Rakai,Kakuuto,Other,Other,Other
NAME_3,UGA,Rakai,Kooki,Other,Other,Other
NAME_3,UGA,Rakai,Kyotera,Other,Other,Other
NAME_3,UGA,Rukungiri,Bufumbira,Other,Other,Other
NAME_3,UGA,Rukungiri,Rubabo,Other,Other,Other
NAME_3,UGA,Sembabule,Lwemiyaga,Other,Other,Other
NAME_3,UGA,Sembabule,Mawogola,Other,Other,Other
NAME_3,UGA,Sironko,Budadiri,Other,Other,Other
NAME_3,UGA,Sironko,Bulambuli,Other,Other,Other
NAME_3,UGA,Sironko,Mt._Elgon_Np,Other,Other,Other
NAME_3,UGA,Soroti,Kasilo,Other,Other,Other
NAME_3,UGA,Soroti,Serere,Other,Other,Other
NAME_3,UGA,Soroti,Soroti,Other,Other,Other
NAME_3,UGA,Tororo,Bunyole,Other,Other,Other
NAME_3,UGA,Tororo,Kisoko_(West_Budama),Other,Other,Other
NAME_3,UGA,Tororo,Tororo,Other,Other,Other
NAME_3,UGA,Wakiso,Busiiro,Other,Other,Other
NAME_3,UGA,Wakiso,Entebbe,Other,Other,Other
NAME_3,UGA,Wakiso,Jinja,Other,Other,Other
NAME_3,UGA,Yumbe,Aringa,Other,Other,Other
NAME_3,COD,Equateur,Equateur,Other,Other,Other
NAME_3,COD,Equateur,Mbandaka,Other,Other,Other
NAME_3,COD,Equateur,Mongala,Other,Other,Other
NAME_3,COD,Equateur,Nord-Ubangi,Other,Other,Other
NAME_3,COD,Equateur,Sud-Ubangi,Other,Other,Other
NAME_3,COD,Equateur,Tshuapa,Other,Other,Other
NAME_3,COD,Bandundu,Bandundu,Other,Other,Other
NAME_3,COD,Bandundu,Kwango,Other,Other,Other
NAME_3,COD,Bandundu,Kwilu,Other,Other,Other
NAME_3,COD,Bandundu,Mai-Ndombe,Other,Other,Other
NAME_3,COD,Bas-Congo,Bas-Fleuve,Other,Other,Other
NAME_3,COD,Bas-Congo,Boma,Other,Other,Other
NAME_3,COD,Bas-Congo,Cataractes,Other,Other,Other
NAME_3,COD,Bas-Congo,Lukaya,Other,Other,Other
NAME_3,COD,Bas-Congo,Matadi,Other,Other,Other
NAME_3,COD,Kasai-Occidental,Kananga,Other,Other,Other
NAME_3,COD,Kasai-Occidental,Kasai,Other,Other,Other
NAME_3,COD,Kasai-Occidental,Lulua,Other,Other,Other
NAME_3,COD,Kasai-Oriental,Kabinda,Other,Other,Other
NAME_3,COD,Kasai-Oriental,Mbuji-Mayi,Other,Other,Other
NAME_3,COD,Kasai-Oriental,Sankuru,Other,Other,Other
NAME_3,COD,Kasai-Oriental,Tshilenge,Other,Other,Other
NAME_3,COD,Katanga,Haut-Lomami,Other,Other,Other
NAME_3,COD,Katanga,Haut-Shaba,Other,Other,Other
NAME_3,COD,Katanga,Kolwezi,Other,Other,Other
NAME_3,COD,Katanga,Lualaba,Other,Other,Other
NAME_3,COD,Katanga,Lubumbashi,Other,Other,Other
NAME_3,COD,Katanga,Tanganika,Other,Other,Other
NAME_3,COD,Kinshasa_City,Kinshasa,Other,Other,Other
NAME_3,COD,Kivu,Bukavu,Other,Other,Other
NAME_3,COD,Kivu,Maniema,Other,Other,Other
NAME_3,COD,Kivu,Nord-Kivu,Other,Other,Other
NAME_3,COD,Kivu,Sud-Kivu,Other,Other,Other
NAME_3,COD,Orientale,Bas-Uele,Other,Other,Other
NAME_3,COD,Orientale,Haut-Uele,Other,Other,Other
NAME_3,COD,Orientale,Ituri,Other,Other,Other
NAME_3,COD,Orientale,Kisangani,Other,Other,Other
NAME_3,COD,Orientale,Tshopo,Other,Other,Other
